{
	"credit": "Made by Manning Design",
	"texture_size": [32, 32],
	"textures": {
		"1": "custom/bs_cutting_board_potato_texture"
	},
	"elements": [
		{
			"from": [4, 0, 4],
			"to": [15, 2, 12],
			"faces": {
				"north": {"uv": [5.5, 0, 11, 1], "texture": "#1"},
				"east": {"uv": [5.5, 2, 9.5, 3], "texture": "#1"},
				"south": {"uv": [5.5, 1, 11, 2], "texture": "#1"},
				"west": {"uv": [5.5, 3, 9.5, 4], "texture": "#1"},
				"up": {"uv": [5.5, 4, 0, 0], "texture": "#1"},
				"down": {"uv": [5.5, 4, 0, 8], "texture": "#1"}
			}
		},
		{
			"from": [1, 0, 7],
			"to": [4, 2, 9],
			"faces": {
				"north": {"uv": [5.5, 6.5, 7, 7.5], "texture": "#1"},
				"east": {"uv": [8.5, 6, 9.5, 7], "texture": "#1"},
				"south": {"uv": [7, 6.5, 8.5, 7.5], "texture": "#1"},
				"west": {"uv": [7, 8.5, 8, 9.5], "texture": "#1"},
				"up": {"uv": [9, 5, 7.5, 4], "texture": "#1"},
				"down": {"uv": [9, 5, 7.5, 6], "texture": "#1"}
			}
		},
		{
			"from": [6.0735, 2, 2.8832],
			"to": [7.0735, 3, 5.8832],
			"rotation": {"angle": 22.5, "axis": "y", "origin": [9.8235, 2.5, 7.6332]},
			"faces": {
				"north": {"uv": [5, 8, 5.5, 8.5], "texture": "#1"},
				"east": {"uv": [8.5, 8, 10, 8.5], "texture": "#1"},
				"south": {"uv": [1.5, 9.5, 2, 10], "texture": "#1"},
				"west": {"uv": [2, 9, 3.5, 9.5], "texture": "#1"},
				"up": {"uv": [4, 10.5, 3.5, 9], "texture": "#1"},
				"down": {"uv": [4.5, 9, 4, 10.5], "texture": "#1"}
			}
		},
		{
			"from": [5.0735, 2.5, 5.8832],
			"to": [7.0735, 2.5, 10.8832],
			"rotation": {"angle": 22.5, "axis": "y", "origin": [9.8235, 2.5, 7.6332]},
			"faces": {
				"north": {"uv": [0, 0, 1, 0], "texture": "#1"},
				"east": {"uv": [0, 0, 2.5, 0], "texture": "#1"},
				"south": {"uv": [0, 0, 1, 0], "texture": "#1"},
				"west": {"uv": [0, 0, 2.5, 0], "texture": "#1"},
				"up": {"uv": [6.5, 6.5, 5.5, 4], "texture": "#1"},
				"down": {"uv": [7.5, 4, 6.5, 6.5], "texture": "#1"}
			}
		},
		{
			"from": [11, 2, 7.5],
			"to": [13, 4, 10.5],
			"rotation": {"angle": -45, "axis": "y", "origin": [12, 3, 9.5]},
			"faces": {
				"north": {"uv": [8.5, 7, 9.5, 8], "texture": "#1"},
				"east": {"uv": [5.5, 7.5, 7, 8.5], "texture": "#1"},
				"south": {"uv": [8, 8.5, 9, 9.5], "texture": "#1"},
				"west": {"uv": [7, 7.5, 8.5, 8.5], "texture": "#1"},
				"up": {"uv": [1, 9.5, 0, 8], "texture": "#1"},
				"down": {"uv": [2, 8, 1, 9.5], "texture": "#1"}
			}
		},
		{
			"from": [9.5, 2, 7],
			"to": [10.5, 4, 10],
			"rotation": {"angle": -22.5, "axis": "y", "origin": [12, 3, 9.5]},
			"faces": {
				"north": {"uv": [9, 9, 9.5, 10], "texture": "#1"},
				"east": {"uv": [2, 8, 3.5, 9], "texture": "#1"},
				"south": {"uv": [0, 9.5, 0.5, 10.5], "texture": "#1"},
				"west": {"uv": [3.5, 8, 5, 9], "texture": "#1"},
				"up": {"uv": [9.5, 5.5, 9, 4], "texture": "#1"},
				"down": {"uv": [5, 9, 4.5, 10.5], "texture": "#1"}
			}
		},
		{
			"from": [7.375, 2.4, 5.8],
			"to": [9.375, 3.4, 8.8],
			"rotation": {"angle": 22.5, "axis": "z", "origin": [8.75, 3, 7.5]},
			"faces": {
				"north": {"uv": [7.5, 6, 8.5, 6.5], "texture": "#1"},
				"east": {"uv": [9, 5.5, 10.5, 6], "texture": "#1"},
				"south": {"uv": [0.5, 9.5, 1.5, 10], "texture": "#1"},
				"west": {"uv": [9, 8.5, 10.5, 9], "texture": "#1"},
				"up": {"uv": [6, 10, 5, 8.5], "texture": "#1"},
				"down": {"uv": [7, 8.5, 6, 10], "texture": "#1"}
			}
		}
	],
	"display": {
		"thirdperson_righthand": {
			"translation": [-0.75, 4.25, -1.5],
			"scale": [0.57, 0.57, 0.57]
		},
		"thirdperson_lefthand": {
			"translation": [0.75, 4.25, -1.5],
			"scale": [0.57, 0.57, 0.57]
		},
		"firstperson_righthand": {
			"rotation": [0, -42, 0],
			"translation": [0, 5, 0],
			"scale": [0.54, 0.54, 0.54]
		},
		"firstperson_lefthand": {
			"rotation": [0, -42, 0],
			"translation": [0, 5, 0],
			"scale": [0.54, 0.54, 0.54]
		},
		"ground": {
			"translation": [0, 2.25, 0],
			"scale": [0.43, 0.43, 0.43]
		},
		"gui": {
			"rotation": [26, 135, 0],
			"translation": [0.75, 4.75, 0],
			"scale": [0.79, 0.79, 0.79]
		},
		"fixed": {
			"rotation": [-90, 0, 0],
			"translation": [0, 0, -16],
			"scale": [2.01, 2.01, 2.01]
		}
	}
}