{
	"credit": "Made by Manning Design",
	"texture_size": [32, 32],
	"textures": {
		"0": "custom/bs_crop_marker_texture",
		"1": "custom/bs_beetroot_texture",
		"particle": "custom/bs_crop_marker_texture"
	},
	"elements": [
		{
			"from": [2.5, 5, 7],
			"to": [13.5, 13, 9],
			"faces": {
				"north": {"uv": [0, 0, 5.5, 4], "texture": "#0"},
				"east": {"uv": [5.5, 2, 6.5, 6], "texture": "#0"},
				"south": {"uv": [0, 4, 5.5, 8], "texture": "#0"},
				"west": {"uv": [5.5, 6, 6.5, 10], "texture": "#0"},
				"up": {"uv": [11, 1, 5.5, 0], "texture": "#0"},
				"down": {"uv": [11, 1, 5.5, 2], "texture": "#0"}
			}
		},
		{
			"from": [7, 0, 7],
			"to": [9, 5, 9],
			"faces": {
				"north": {"uv": [6.5, 2, 7.5, 4.5], "texture": "#0"},
				"east": {"uv": [6.5, 4.5, 7.5, 7], "texture": "#0"},
				"south": {"uv": [6.5, 7, 7.5, 9.5], "texture": "#0"},
				"west": {"uv": [7.5, 2, 8.5, 4.5], "texture": "#0"},
				"up": {"uv": [8.5, 5.5, 7.5, 4.5], "texture": "#0"},
				"down": {"uv": [8.5, 5.5, 7.5, 6.5], "texture": "#0"}
			}
		},
		{
			"from": [4, 5, 6.95],
			"to": [12, 13, 6.95],
			"faces": {
				"north": {"uv": [0, 0, 16, 16], "texture": "#1"},
				"east": {"uv": [0, 0, 0, 4], "texture": "#1"},
				"south": {"uv": [0, 0, 16, 16], "texture": "#1"},
				"west": {"uv": [0, 0, 0, 4], "texture": "#1"},
				"up": {"uv": [0, 0, 4, 0], "texture": "#1"},
				"down": {"uv": [0, 0, 4, 0], "texture": "#1"}
			}
		}
	],
	"display": {
		"thirdperson_righthand": {
			"translation": [2.5, 2.25, -1.5],
			"scale": [0.57, 0.57, 0.57]
		},
		"thirdperson_lefthand": {
			"translation": [2.5, 2.25, -1.5],
			"scale": [0.57, 0.57, 0.57]
		},
		"firstperson_righthand": {
			"rotation": [0, 132, 0],
			"scale": [0.54, 0.54, 0.54]
		},
		"firstperson_lefthand": {
			"rotation": [0, 134, 0],
			"scale": [0.54, 0.54, 0.54]
		},
		"ground": {
			"translation": [0, 2.25, 0],
			"scale": [0.43, 0.43, 0.43]
		},
		"gui": {
			"rotation": [26, 134, 0],
			"translation": [0, 0.5, 0],
			"scale": [0.74, 0.74, 0.74]
		},
		"fixed": {
			"rotation": [-90, 1, 0],
			"translation": [0, 0, -16],
			"scale": [2.01, 2.01, 2.01]
		}
	}
}