{
	"credit": "Made by Manning Design",
	"texture_size": [64, 64],
	"textures": {
		"0": "custom/bs_kitchen_jar_1_texture",
		"particle": "custom/bs_kitchen_jar_1_texture"
	},
	"elements": [
		{
			"from": [4.5, 0, 5],
			"to": [4.5, 6, 10],
			"rotation": {"angle": -22.5, "axis": "y", "origin": [11.5, 1, 11.5]},
			"faces": {
				"north": {"uv": [0, 0, 0, 1.5], "texture": "#0"},
				"east": {"uv": [3, 6.75, 4.25, 8.25], "texture": "#0"},
				"south": {"uv": [0, 0, 0, 1.5], "texture": "#0"},
				"west": {"uv": [3, 6.75, 4.25, 8.25], "texture": "#0"},
				"up": {"uv": [0, 1.25, 0, 0], "texture": "#0"},
				"down": {"uv": [0, 0, 0, 1.25], "texture": "#0"}
			}
		},
		{
			"from": [7.75, 0, 7.5],
			"to": [14.75, 0, 14.5],
			"rotation": {"angle": 22.5, "axis": "y", "origin": [11.5, 1, 11.5]},
			"faces": {
				"north": {"uv": [0, 0, 1.75, 0], "texture": "#0"},
				"east": {"uv": [0, 0, 1.75, 0], "texture": "#0"},
				"south": {"uv": [0, 0, 1.75, 0], "texture": "#0"},
				"west": {"uv": [0, 0, 1.75, 0], "texture": "#0"},
				"up": {"uv": [7.25, 3.5, 5.5, 1.75], "texture": "#0"},
				"down": {"uv": [7.25, 1.75, 5.5, 3.5], "texture": "#0"}
			}
		},
		{
			"from": [8.25, 0.175, 8],
			"to": [14.25, 6.175, 14],
			"rotation": {"angle": 22.5, "axis": "y", "origin": [11.5, 1, 11.5]},
			"faces": {
				"north": {"uv": [11, 5.75, 12.75, 7.5], "texture": "#0"},
				"east": {"uv": [11, 4, 12.75, 5.75], "texture": "#0"},
				"south": {"uv": [11, 9.25, 12.75, 11], "texture": "#0"},
				"west": {"uv": [11, 7.5, 12.75, 9.25], "texture": "#0"},
				"up": {"uv": [11, 5.75, 9.25, 4], "texture": "#0"},
				"down": {"uv": [11, 5.75, 9.25, 7.5], "texture": "#0"}
			}
		},
		{
			"from": [7.25, 9, 7],
			"to": [15.25, 10, 15],
			"rotation": {"angle": 22.5, "axis": "y", "origin": [11.5, 1, 11.5]},
			"faces": {
				"north": {"uv": [7.25, 3, 9.25, 3.25], "texture": "#0"},
				"east": {"uv": [7.25, 3.25, 9.25, 3.5], "texture": "#0"},
				"south": {"uv": [8, 7.75, 10, 8], "texture": "#0"},
				"west": {"uv": [8, 8, 10, 8.25], "texture": "#0"},
				"up": {"uv": [2, 2, 0, 0], "texture": "#0"},
				"down": {"uv": [2, 0, 0, 2], "texture": "#0"}
			}
		},
		{
			"from": [7.75, 0, 14.5],
			"to": [14.75, 9, 14.5],
			"rotation": {"angle": 22.5, "axis": "y", "origin": [11.5, 1, 11.5]},
			"faces": {
				"north": {"uv": [5.25, 4.5, 7, 6.75], "texture": "#0"},
				"east": {"uv": [0, 0, 0, 2.25], "texture": "#0"},
				"south": {"uv": [5.25, 4.5, 7, 6.75], "texture": "#0"},
				"west": {"uv": [0, 0, 0, 2.25], "texture": "#0"},
				"up": {"uv": [1.75, 0, 0, 0], "texture": "#0"},
				"down": {"uv": [1.75, 0, 0, 0], "texture": "#0"}
			}
		},
		{
			"from": [7.75, 0, 7.5],
			"to": [14.75, 9, 7.5],
			"rotation": {"angle": 22.5, "axis": "y", "origin": [11.5, 1, 11.5]},
			"faces": {
				"north": {"uv": [0, 4, 1.75, 6.25], "texture": "#0"},
				"east": {"uv": [0, 0, 0, 2.25], "texture": "#0"},
				"south": {"uv": [0, 4, 1.75, 6.25], "texture": "#0"},
				"west": {"uv": [0, 0, 0, 2.25], "texture": "#0"},
				"up": {"uv": [1.75, 0, 0, 0], "texture": "#0"},
				"down": {"uv": [1.75, 0, 0, 0], "texture": "#0"}
			}
		},
		{
			"from": [7.75, 0, 7.5],
			"to": [7.75, 9, 14.5],
			"rotation": {"angle": 22.5, "axis": "y", "origin": [11.5, 1, 11.5]},
			"faces": {
				"north": {"uv": [0, 0, 0, 2.25], "texture": "#0"},
				"east": {"uv": [3.75, 2.25, 5.5, 4.5], "texture": "#0"},
				"south": {"uv": [0, 0, 0, 2.25], "texture": "#0"},
				"west": {"uv": [3.75, 2.25, 5.5, 4.5], "texture": "#0"},
				"up": {"uv": [0, 1.75, 0, 0], "texture": "#0"},
				"down": {"uv": [0, 0, 0, 1.75], "texture": "#0"}
			}
		},
		{
			"from": [14.75, 0, 7.5],
			"to": [14.75, 9, 14.5],
			"rotation": {"angle": 22.5, "axis": "y", "origin": [11.5, 1, 11.5]},
			"faces": {
				"north": {"uv": [0, 0, 0, 2.25], "texture": "#0"},
				"east": {"uv": [2, 0, 3.75, 2.25], "texture": "#0"},
				"south": {"uv": [0, 0, 0, 2.25], "texture": "#0"},
				"west": {"uv": [2, 0, 3.75, 2.25], "texture": "#0"},
				"up": {"uv": [0, 1.75, 0, 0], "texture": "#0"},
				"down": {"uv": [0, 0, 0, 1.75], "texture": "#0"}
			}
		},
		{
			"from": [-0.5, 0, 5],
			"to": [4.5, 0, 10],
			"rotation": {"angle": -22.5, "axis": "y", "origin": [11.5, 1, 11.5]},
			"faces": {
				"north": {"uv": [0, 0, 1.25, 0], "texture": "#0"},
				"east": {"uv": [0, 0, 1.25, 0], "texture": "#0"},
				"south": {"uv": [0, 0, 1.25, 0], "texture": "#0"},
				"west": {"uv": [0, 0, 1.25, 0], "texture": "#0"},
				"up": {"uv": [9.25, 7.75, 8, 6.5], "texture": "#0"},
				"down": {"uv": [9.25, 6.5, 8, 7.75], "texture": "#0"}
			}
		},
		{
			"from": [0, 0.25, 5.5],
			"to": [4, 4.25, 9.5],
			"rotation": {"angle": -22.5, "axis": "y", "origin": [11.5, 1, 11.5]},
			"faces": {
				"north": {"uv": [12.75, 6.5, 14, 7.75], "texture": "#0"},
				"east": {"uv": [12.75, 10.25, 14, 11.5], "texture": "#0"},
				"south": {"uv": [12.75, 9, 14, 10.25], "texture": "#0"},
				"west": {"uv": [12.75, 7.75, 14, 9], "texture": "#0"},
				"up": {"uv": [14, 6.5, 12.75, 5.25], "texture": "#0"},
				"down": {"uv": [14, 4, 12.75, 5.25], "texture": "#0"}
			}
		},
		{
			"from": [-1, 6, 4.5],
			"to": [5, 7, 10.5],
			"rotation": {"angle": -22.5, "axis": "y", "origin": [11.5, 1, 11.5]},
			"faces": {
				"north": {"uv": [5.5, 3.5, 7, 3.75], "texture": "#0"},
				"east": {"uv": [5.5, 3.75, 7, 4], "texture": "#0"},
				"south": {"uv": [5.5, 4, 7, 4.25], "texture": "#0"},
				"west": {"uv": [5.5, 4.25, 7, 4.5], "texture": "#0"},
				"up": {"uv": [1.5, 7.75, 0, 6.25], "texture": "#0"},
				"down": {"uv": [1.5, 6.25, 0, 7.75], "texture": "#0"}
			}
		},
		{
			"from": [-0.5, 0, 10],
			"to": [4.5, 6, 10],
			"rotation": {"angle": -22.5, "axis": "y", "origin": [11.5, 1, 11.5]},
			"faces": {
				"north": {"uv": [7.25, 1.5, 8.5, 3], "texture": "#0"},
				"east": {"uv": [0, 0, 0, 1.5], "texture": "#0"},
				"south": {"uv": [7.25, 1.5, 8.5, 3], "texture": "#0"},
				"west": {"uv": [0, 0, 0, 1.5], "texture": "#0"},
				"up": {"uv": [1.25, 0, 0, 0], "texture": "#0"},
				"down": {"uv": [1.25, 0, 0, 0], "texture": "#0"}
			}
		},
		{
			"from": [-0.5, 0, 5],
			"to": [4.5, 6, 5],
			"rotation": {"angle": -22.5, "axis": "y", "origin": [11.5, 1, 11.5]},
			"faces": {
				"north": {"uv": [7, 3.5, 8.25, 5], "texture": "#0"},
				"east": {"uv": [0, 0, 0, 1.5], "texture": "#0"},
				"south": {"uv": [7, 3.5, 8.25, 5], "texture": "#0"},
				"west": {"uv": [0, 0, 0, 1.5], "texture": "#0"},
				"up": {"uv": [1.25, 0, 0, 0], "texture": "#0"},
				"down": {"uv": [1.25, 0, 0, 0], "texture": "#0"}
			}
		},
		{
			"from": [-0.5, 0, 5],
			"to": [-0.5, 6, 10],
			"rotation": {"angle": -22.5, "axis": "y", "origin": [11.5, 1, 11.5]},
			"faces": {
				"north": {"uv": [0, 0, 0, 1.5], "texture": "#0"},
				"east": {"uv": [6.75, 6.75, 8, 8.25], "texture": "#0"},
				"south": {"uv": [0, 0, 0, 1.5], "texture": "#0"},
				"west": {"uv": [6.75, 6.75, 8, 8.25], "texture": "#0"},
				"up": {"uv": [0, 1.25, 0, 0], "texture": "#0"},
				"down": {"uv": [0, 0, 0, 1.25], "texture": "#0"}
			}
		}
	],
	"display": {
		"thirdperson_righthand": {
			"translation": [0.75, 2.25, -1.5],
			"scale": [0.57, 0.57, 0.57]
		},
		"thirdperson_lefthand": {
			"translation": [2.5, 2.25, -1.5],
			"scale": [0.57, 0.57, 0.57]
		},
		"firstperson_righthand": {
			"rotation": [0, -42, 0],
			"scale": [0.54, 0.54, 0.54]
		},
		"firstperson_lefthand": {
			"rotation": [0, -42, 0],
			"scale": [0.54, 0.54, 0.54]
		},
		"ground": {
			"translation": [0, 2.25, 0],
			"scale": [0.43, 0.43, 0.43]
		},
		"gui": {
			"rotation": [26, 164, 0],
			"translation": [0, 1.5, 0],
			"scale": [0.63, 0.63, 0.63]
		},
		"fixed": {
			"rotation": [-90, 0, 0],
			"translation": [0, 0, -16],
			"scale": [2.01, 2.01, 2.01]
		}
	},
	"groups": [
		{
			"name": "group",
			"origin": [11.5, 1, 11.5],
			"color": 0,
			"nbt": "{}",
			"armAnimationEnabled": false,
			"children": [0, 1, 2, 3, 4, 5, 6, 7, 8, 9, 10, 11, 12, 13]
		}
	]
}