{
	"credit": "Made by Manning Design",
	"texture_size": [64, 64],
	"textures": {
		"2": "custom/bs_rocking_chair_texture"
	},
	"elements": [
		{
			"from": [1, 0, 3],
			"to": [3, 2, 13],
			"rotation": {"angle": 0, "axis": "x", "origin": [8, 11, 8]},
			"faces": {
				"north": {"uv": [9, 4.5, 9.5, 5], "texture": "#2"},
				"east": {"uv": [5.5, 5.5, 8, 6], "texture": "#2"},
				"south": {"uv": [9, 6.25, 9.5, 6.75], "texture": "#2"},
				"west": {"uv": [0, 6, 2.5, 6.5], "texture": "#2"},
				"up": {"uv": [4, 8, 3.5, 5.5], "texture": "#2"},
				"down": {"uv": [4.5, 5.5, 4, 8], "texture": "#2"}
			}
		},
		{
			"from": [1, -1.07609, 4.59012],
			"to": [3, 0.92391, 7.59012],
			"rotation": {"angle": 22.5, "axis": "x", "origin": [8, 11, 8]},
			"faces": {
				"north": {"uv": [9.25, 0.5, 9.75, 1], "texture": "#2"},
				"east": {"uv": [8.5, 0.5, 9.25, 1], "texture": "#2"},
				"south": {"uv": [9.25, 1, 9.75, 1.5], "texture": "#2"},
				"west": {"uv": [8.5, 1, 9.25, 1.5], "texture": "#2"},
				"up": {"uv": [9, 2.25, 8.5, 1.5], "texture": "#2"},
				"down": {"uv": [9, 2.25, 8.5, 3], "texture": "#2"}
			}
		},
		{
			"from": [13, -1.07609, 8.40988],
			"to": [15, 0.92391, 11.40988],
			"rotation": {"angle": -22.5, "axis": "x", "origin": [8, 11, 8]},
			"faces": {
				"north": {"uv": [9.25, 5.5, 9.75, 6], "texture": "#2"},
				"east": {"uv": [8.5, 7, 9.25, 7.5], "texture": "#2"},
				"south": {"uv": [9.25, 6.75, 9.75, 7.25], "texture": "#2"},
				"west": {"uv": [8.5, 8.5, 9.25, 9], "texture": "#2"},
				"up": {"uv": [9.5, 2.25, 9, 1.5], "texture": "#2"},
				"down": {"uv": [9.5, 2.25, 9, 3], "texture": "#2"}
			}
		},
		{
			"from": [1, -1.07609, 8.40988],
			"to": [3, 0.92391, 11.40988],
			"rotation": {"angle": -22.5, "axis": "x", "origin": [8, 11, 8]},
			"faces": {
				"north": {"uv": [9.25, 4, 9.75, 4.5], "texture": "#2"},
				"east": {"uv": [8.5, 5.25, 9.25, 5.75], "texture": "#2"},
				"south": {"uv": [9.25, 5, 9.75, 5.5], "texture": "#2"},
				"west": {"uv": [8.5, 5.75, 9.25, 6.25], "texture": "#2"},
				"up": {"uv": [9, 7, 8.5, 6.25], "texture": "#2"},
				"down": {"uv": [8.5, 8.5, 8, 9.25], "texture": "#2"}
			}
		},
		{
			"from": [13, -1.07609, 4.59012],
			"to": [15, 0.92391, 7.59012],
			"rotation": {"angle": 22.5, "axis": "x", "origin": [8, 11, 8]},
			"faces": {
				"north": {"uv": [2.5, 9.25, 3, 9.75], "texture": "#2"},
				"east": {"uv": [8.5, 3.5, 9.25, 4], "texture": "#2"},
				"south": {"uv": [9.25, 3.5, 9.75, 4], "texture": "#2"},
				"west": {"uv": [8.5, 4, 9.25, 4.5], "texture": "#2"},
				"up": {"uv": [3, 9.25, 2.5, 8.5], "texture": "#2"},
				"down": {"uv": [9, 4.5, 8.5, 5.25], "texture": "#2"}
			}
		},
		{
			"from": [13, 0, 3],
			"to": [15, 2, 13],
			"rotation": {"angle": 0, "axis": "x", "origin": [8, 11, 8]},
			"faces": {
				"north": {"uv": [8.5, 9, 9, 9.5], "texture": "#2"},
				"east": {"uv": [6, 0, 8.5, 0.5], "texture": "#2"},
				"south": {"uv": [9, 9, 9.5, 9.5], "texture": "#2"},
				"west": {"uv": [6, 0.5, 8.5, 1], "texture": "#2"},
				"up": {"uv": [5, 8, 4.5, 5.5], "texture": "#2"},
				"down": {"uv": [6.5, 1, 6, 3.5], "texture": "#2"}
			}
		},
		{
			"from": [5.28356, -0.5349, 3],
			"to": [7.28356, 7.4651, 5],
			"rotation": {"angle": -22.5, "axis": "z", "origin": [8, 11, 8]},
			"faces": {
				"north": {"uv": [5.5, 7, 6, 9], "texture": "#2"},
				"east": {"uv": [6, 7, 6.5, 9], "texture": "#2"},
				"south": {"uv": [6.5, 7, 7, 9], "texture": "#2"},
				"west": {"uv": [7, 7, 7.5, 9], "texture": "#2"},
				"up": {"uv": [8.5, 9.75, 8, 9.25], "texture": "#2"},
				"down": {"uv": [9.75, 8.5, 9.25, 9], "texture": "#2"}
			}
		},
		{
			"from": [8.71644, -0.5349, 11],
			"to": [10.71644, 7.4651, 13],
			"rotation": {"angle": 22.5, "axis": "z", "origin": [8, 11, 8]},
			"faces": {
				"north": {"uv": [3.5, 8, 4, 10], "texture": "#2"},
				"east": {"uv": [4, 8, 4.5, 10], "texture": "#2"},
				"south": {"uv": [4.5, 8, 5, 10], "texture": "#2"},
				"west": {"uv": [8, 5.5, 8.5, 7.5], "texture": "#2"},
				"up": {"uv": [10, 2, 9.5, 1.5], "texture": "#2"},
				"down": {"uv": [2.5, 9.5, 2, 10], "texture": "#2"}
			}
		},
		{
			"from": [8.71644, -0.5349, 3],
			"to": [10.71644, 7.4651, 5],
			"rotation": {"angle": 22.5, "axis": "z", "origin": [8, 11, 8]},
			"faces": {
				"north": {"uv": [1.5, 7.5, 2, 9.5], "texture": "#2"},
				"east": {"uv": [2, 7.5, 2.5, 9.5], "texture": "#2"},
				"south": {"uv": [7.5, 7, 8, 9], "texture": "#2"},
				"west": {"uv": [8, 1, 8.5, 3], "texture": "#2"},
				"up": {"uv": [1.5, 10, 1, 9.5], "texture": "#2"},
				"down": {"uv": [2, 9.5, 1.5, 10], "texture": "#2"}
			}
		},
		{
			"from": [5.28356, -0.5349, 11],
			"to": [7.28356, 7.4651, 13],
			"rotation": {"angle": -22.5, "axis": "z", "origin": [8, 11, 8]},
			"faces": {
				"north": {"uv": [0, 7.5, 0.5, 9.5], "texture": "#2"},
				"east": {"uv": [0.5, 7.5, 1, 9.5], "texture": "#2"},
				"south": {"uv": [1, 7.5, 1.5, 9.5], "texture": "#2"},
				"west": {"uv": [7.5, 1, 8, 3], "texture": "#2"},
				"up": {"uv": [0.5, 10, 0, 9.5], "texture": "#2"},
				"down": {"uv": [1, 9.5, 0.5, 10], "texture": "#2"}
			}
		},
		{
			"from": [2, 8, 2],
			"to": [14, 10, 14],
			"rotation": {"angle": 0, "axis": "x", "origin": [8, 11, 8]},
			"faces": {
				"north": {"uv": [5.5, 3.5, 8.5, 4], "texture": "#2"},
				"east": {"uv": [5.5, 4, 8.5, 4.5], "texture": "#2"},
				"south": {"uv": [5.5, 4.5, 8.5, 5], "texture": "#2"},
				"west": {"uv": [5.5, 5, 8.5, 5.5], "texture": "#2"},
				"up": {"uv": [3, 3, 0, 0], "texture": "#2"},
				"down": {"uv": [3, 3, 0, 6], "texture": "#2"}
			}
		},
		{
			"from": [2, 10, 12],
			"to": [4, 24, 14],
			"rotation": {"angle": 0, "axis": "x", "origin": [8, 11, 8]},
			"faces": {
				"north": {"uv": [3, 2, 3.5, 5.5], "texture": "#2"},
				"east": {"uv": [3.5, 2, 4, 5.5], "texture": "#2"},
				"south": {"uv": [4, 2, 4.5, 5.5], "texture": "#2"},
				"west": {"uv": [4.5, 2, 5, 5.5], "texture": "#2"},
				"up": {"uv": [10, 2.5, 9.5, 2], "texture": "#2"},
				"down": {"uv": [10, 2.5, 9.5, 3], "texture": "#2"}
			}
		},
		{
			"from": [2, 14, 2],
			"to": [4, 16, 12],
			"rotation": {"angle": 0, "axis": "x", "origin": [8, 11, 8]},
			"faces": {
				"north": {"uv": [9.5, 6, 10, 6.5], "texture": "#2"},
				"east": {"uv": [5.5, 6, 8, 6.5], "texture": "#2"},
				"south": {"uv": [8.5, 9.5, 9, 10], "texture": "#2"},
				"west": {"uv": [0, 6.5, 2.5, 7], "texture": "#2"},
				"up": {"uv": [3, 8.5, 2.5, 6], "texture": "#2"},
				"down": {"uv": [7, 1, 6.5, 3.5], "texture": "#2"}
			}
		},
		{
			"from": [2.5, 10, 3],
			"to": [3.5, 14, 4],
			"rotation": {"angle": 0, "axis": "x", "origin": [8, 11, 8]},
			"faces": {
				"north": {"uv": [9.5, 9.5, 9.75, 10.5], "texture": "#2"},
				"east": {"uv": [9.75, 0.5, 10, 1.5], "texture": "#2"},
				"south": {"uv": [2.5, 9.75, 2.75, 10.75], "texture": "#2"},
				"west": {"uv": [2.75, 9.75, 3, 10.75], "texture": "#2"},
				"up": {"uv": [10, 9.75, 9.75, 9.5], "texture": "#2"},
				"down": {"uv": [10, 9.75, 9.75, 10], "texture": "#2"}
			}
		},
		{
			"from": [12.5, 10, 3],
			"to": [13.5, 14, 4],
			"rotation": {"angle": 0, "axis": "x", "origin": [8, 11, 8]},
			"faces": {
				"north": {"uv": [9.75, 3.5, 10, 4.5], "texture": "#2"},
				"east": {"uv": [9.75, 5, 10, 6], "texture": "#2"},
				"south": {"uv": [9.75, 6.5, 10, 7.5], "texture": "#2"},
				"west": {"uv": [8, 9.75, 8.25, 10.75], "texture": "#2"},
				"up": {"uv": [0.25, 10.25, 0, 10], "texture": "#2"},
				"down": {"uv": [0.5, 10, 0.25, 10.25], "texture": "#2"}
			}
		},
		{
			"from": [12, 14, 2],
			"to": [14, 16, 12],
			"rotation": {"angle": 0, "axis": "x", "origin": [8, 11, 8]},
			"faces": {
				"north": {"uv": [9, 9.5, 9.5, 10], "texture": "#2"},
				"east": {"uv": [5.5, 6.5, 8, 7], "texture": "#2"},
				"south": {"uv": [9.5, 9, 10, 9.5], "texture": "#2"},
				"west": {"uv": [0, 7, 2.5, 7.5], "texture": "#2"},
				"up": {"uv": [7.5, 3.5, 7, 1], "texture": "#2"},
				"down": {"uv": [5.5, 7, 5, 9.5], "texture": "#2"}
			}
		},
		{
			"from": [12, 10, 12],
			"to": [14, 24, 14],
			"rotation": {"angle": 0, "axis": "x", "origin": [8, 11, 8]},
			"faces": {
				"north": {"uv": [5, 0, 5.5, 3.5], "texture": "#2"},
				"east": {"uv": [5, 3.5, 5.5, 7], "texture": "#2"},
				"south": {"uv": [5.5, 0, 6, 3.5], "texture": "#2"},
				"west": {"uv": [3, 5.5, 3.5, 9], "texture": "#2"},
				"up": {"uv": [10, 3.5, 9.5, 3], "texture": "#2"},
				"down": {"uv": [10, 4.5, 9.5, 5], "texture": "#2"}
			}
		},
		{
			"from": [4, 19, 12.5],
			"to": [12, 23, 13.5],
			"rotation": {"angle": 0, "axis": "x", "origin": [8, 11, 8]},
			"faces": {
				"north": {"uv": [3, 0, 5, 1], "texture": "#2"},
				"east": {"uv": [5, 9.5, 5.25, 10.5], "texture": "#2"},
				"south": {"uv": [3, 1, 5, 2], "texture": "#2"},
				"west": {"uv": [5.25, 9.5, 5.5, 10.5], "texture": "#2"},
				"up": {"uv": [10, 8.25, 8, 8], "texture": "#2"},
				"down": {"uv": [10, 8.25, 8, 8.5], "texture": "#2"}
			}
		},
		{
			"from": [4, 12, 12.5],
			"to": [12, 14, 13.5],
			"rotation": {"angle": 0, "axis": "x", "origin": [8, 11, 8]},
			"faces": {
				"north": {"uv": [7.5, 3, 9.5, 3.5], "texture": "#2"},
				"east": {"uv": [8.25, 9.75, 8.5, 10.25], "texture": "#2"},
				"south": {"uv": [8, 7.5, 10, 8], "texture": "#2"},
				"west": {"uv": [9.75, 8.5, 10, 9], "texture": "#2"},
				"up": {"uv": [10.5, 0.25, 8.5, 0], "texture": "#2"},
				"down": {"uv": [10.5, 0.25, 8.5, 0.5], "texture": "#2"}
			}
		},
		{
			"from": [5, 14, 12.5],
			"to": [6, 19, 13.5],
			"rotation": {"angle": 0, "axis": "x", "origin": [8, 11, 8]},
			"faces": {
				"north": {"uv": [3, 9, 3.25, 10.25], "texture": "#2"},
				"east": {"uv": [3.25, 9, 3.5, 10.25], "texture": "#2"},
				"south": {"uv": [5.5, 9, 5.75, 10.25], "texture": "#2"},
				"west": {"uv": [5.75, 9, 6, 10.25], "texture": "#2"},
				"up": {"uv": [9.25, 5.25, 9, 5], "texture": "#2"},
				"down": {"uv": [9.25, 6.75, 9, 7], "texture": "#2"}
			}
		},
		{
			"from": [7.5, 14, 12.5],
			"to": [8.5, 19, 13.5],
			"rotation": {"angle": 0, "axis": "x", "origin": [8, 11, 8]},
			"faces": {
				"north": {"uv": [7, 9, 7.25, 10.25], "texture": "#2"},
				"east": {"uv": [7.25, 9, 7.5, 10.25], "texture": "#2"},
				"south": {"uv": [7.5, 9, 7.75, 10.25], "texture": "#2"},
				"west": {"uv": [7.75, 9, 8, 10.25], "texture": "#2"},
				"up": {"uv": [9.75, 6.75, 9.5, 6.5], "texture": "#2"},
				"down": {"uv": [9.75, 7.25, 9.5, 7.5], "texture": "#2"}
			}
		},
		{
			"from": [10, 14, 12.5],
			"to": [11, 19, 13.5],
			"rotation": {"angle": 0, "axis": "x", "origin": [8, 11, 8]},
			"faces": {
				"north": {"uv": [6, 9, 6.25, 10.25], "texture": "#2"},
				"east": {"uv": [6.25, 9, 6.5, 10.25], "texture": "#2"},
				"south": {"uv": [6.5, 9, 6.75, 10.25], "texture": "#2"},
				"west": {"uv": [6.75, 9, 7, 10.25], "texture": "#2"},
				"up": {"uv": [9.5, 6.25, 9.25, 6], "texture": "#2"},
				"down": {"uv": [9.5, 7.25, 9.25, 7.5], "texture": "#2"}
			}
		}
	],
	"display": {
		"thirdperson_righthand": {
			"translation": [2.5, 2.25, -1.5],
			"scale": [0.57, 0.57, 0.57]
		},
		"thirdperson_lefthand": {
			"translation": [2.5, 2.25, -1.5],
			"scale": [0.57, 0.57, 0.57]
		},
		"firstperson_righthand": {
			"rotation": [0, -42, 0],
			"scale": [0.54, 0.54, 0.54]
		},
		"firstperson_lefthand": {
			"rotation": [0, -42, 0],
			"scale": [0.54, 0.54, 0.54]
		},
		"ground": {
			"translation": [0, 2.25, 0],
			"scale": [0.43, 0.43, 0.43]
		},
		"gui": {
			"rotation": [26, -45, 0],
			"scale": [0.33, 0.33, 0.33]
		},
		"fixed": {
			"rotation": [-90, 0, 0],
			"translation": [0, 0, -16],
			"scale": [2.01, 2.01, 2.01]
		}
	}
}