{
	"credit": "Made by Manning Design",
	"texture_size": [128, 128],
	"textures": {
		"1": "custom/bs_vintage_lamp_wall_texture_2",
		"3": "custom/bs_vintage_lamp_floor_texture",
		"particle": "custom/bs_vintage_lamp_wall_texture_2"
	},
	"elements": [
		{
			"from": [3, 0, 3],
			"to": [13, 2, 13],
			"faces": {
				"north": {"uv": [2.5, 4.25, 5, 4.75], "texture": "#3"},
				"east": {"uv": [4.5, 0, 7, 0.5], "texture": "#3"},
				"south": {"uv": [4.5, 0.5, 7, 1], "texture": "#3"},
				"west": {"uv": [4.5, 1, 7, 1.5], "texture": "#3"},
				"up": {"uv": [2.5, 2.5, 0, 0], "texture": "#3"},
				"down": {"uv": [2.5, 2.5, 0, 5], "texture": "#3"}
			}
		},
		{
			"from": [7, 2, 7],
			"to": [9, 19, 9],
			"rotation": {"angle": 0, "axis": "y", "origin": [0, 3, 0]},
			"faces": {
				"north": {"uv": [2.5, 0, 3, 4.25], "texture": "#3"},
				"east": {"uv": [3, 0, 3.5, 4.25], "texture": "#3"},
				"south": {"uv": [3.5, 0, 4, 4.25], "texture": "#3"},
				"west": {"uv": [4, 0, 4.5, 4.25], "texture": "#3"},
				"up": {"uv": [5, 2, 4.5, 1.5], "texture": "#3"},
				"down": {"uv": [5, 2, 4.5, 2.5], "texture": "#3"}
			}
		},
		{
			"from": [5.5, 27, 5.4],
			"to": [10.5, 29, 10.4],
			"faces": {
				"north": {"uv": [10.75, 0.5, 11.375, 0.75], "texture": "#3"},
				"east": {"uv": [11, 0.75, 11.625, 1], "texture": "#3"},
				"south": {"uv": [11, 1, 11.625, 1.25], "texture": "#3"},
				"west": {"uv": [11, 1.25, 11.625, 1.5], "texture": "#3"},
				"up": {"uv": [10.625, 2.875, 10, 2.25], "texture": "#3"},
				"down": {"uv": [8.625, 2.5, 8, 3.125], "texture": "#3"}
			}
		},
		{
			"from": [10.5, 29, 5.4],
			"to": [10.5, 31, 10.4],
			"faces": {
				"north": {"uv": [8, 0, 8, 0.25], "texture": "#3"},
				"east": {"uv": [11, 2.5, 11.625, 2.75], "texture": "#3"},
				"south": {"uv": [8, 0, 8, 0.25], "texture": "#3"},
				"west": {"uv": [11.625, 2.5, 11, 2.75], "texture": "#3"},
				"up": {"uv": [8, 0.625, 8, 0], "texture": "#3"},
				"down": {"uv": [8, 0, 8, 0.625], "texture": "#3"}
			}
		},
		{
			"from": [5.5, 29, 5.4],
			"to": [5.5, 31, 10.4],
			"faces": {
				"north": {"uv": [8, 0, 8, 0.25], "texture": "#3"},
				"east": {"uv": [8.625, 3.125, 8, 3.375], "texture": "#3"},
				"south": {"uv": [8, 0, 8, 0.25], "texture": "#3"},
				"west": {"uv": [8, 3.125, 8.625, 3.375], "texture": "#3"},
				"up": {"uv": [8, 0.625, 8, 0], "texture": "#3"},
				"down": {"uv": [8, 0, 8, 0.625], "texture": "#3"}
			}
		},
		{
			"from": [5.5, 29, 5.4],
			"to": [10.5, 31, 5.4],
			"rotation": {"angle": 0, "axis": "y", "origin": [8, 12, 10]},
			"faces": {
				"north": {"uv": [8.625, 3.125, 9.25, 3.375], "texture": "#3"},
				"east": {"uv": [8, 0, 8, 0.25], "texture": "#3"},
				"south": {"uv": [9.25, 3.125, 8.625, 3.375], "texture": "#3"},
				"west": {"uv": [8, 0, 8, 0.25], "texture": "#3"},
				"up": {"uv": [8.625, 0, 8, 0], "texture": "#3"},
				"down": {"uv": [8.625, 0, 8, 0], "texture": "#3"}
			}
		},
		{
			"from": [10.5, 17, 5.4],
			"to": [10.5, 19, 10.4],
			"faces": {
				"north": {"uv": [8, 0, 8, 0.25], "texture": "#3"},
				"east": {"uv": [9.875, 3.5, 10.5, 3.75], "texture": "#3"},
				"south": {"uv": [8, 0, 8, 0.25], "texture": "#3"},
				"west": {"uv": [10.5, 3.5, 9.875, 3.75], "texture": "#3"},
				"up": {"uv": [8, 0.625, 8, 0], "texture": "#3"},
				"down": {"uv": [8, 0, 8, 0.625], "texture": "#3"}
			}
		},
		{
			"from": [5.5, 17, 10.4],
			"to": [10.5, 19, 10.4],
			"rotation": {"angle": 0, "axis": "y", "origin": [8, 12, 10]},
			"faces": {
				"north": {"uv": [9.875, 3.375, 9.25, 3.625], "texture": "#3"},
				"east": {"uv": [8, 0, 8, 0.25], "texture": "#3"},
				"south": {"uv": [9.25, 3.375, 9.875, 3.625], "texture": "#3"},
				"west": {"uv": [8, 0, 8, 0.25], "texture": "#3"},
				"up": {"uv": [8.625, 0, 8, 0], "texture": "#3"},
				"down": {"uv": [8.625, 0, 8, 0], "texture": "#3"}
			}
		},
		{
			"from": [5.5, 17, 5.4],
			"to": [5.5, 19, 10.4],
			"faces": {
				"north": {"uv": [8, 0, 8, 0.25], "texture": "#3"},
				"east": {"uv": [12, 0.5, 11.375, 0.75], "texture": "#3"},
				"south": {"uv": [8, 0, 8, 0.25], "texture": "#3"},
				"west": {"uv": [11.375, 0.5, 12, 0.75], "texture": "#3"},
				"up": {"uv": [8, 0.625, 8, 0], "texture": "#3"},
				"down": {"uv": [8, 0, 8, 0.625], "texture": "#3"}
			}
		},
		{
			"from": [5.5, 17, 5.4],
			"to": [10.5, 19, 5.4],
			"rotation": {"angle": 0, "axis": "y", "origin": [8, 12, 10]},
			"faces": {
				"north": {"uv": [10.25, 3.25, 10.875, 3.5], "texture": "#3"},
				"east": {"uv": [8, 0, 8, 0.25], "texture": "#3"},
				"south": {"uv": [10.875, 3.25, 10.25, 3.5], "texture": "#3"},
				"west": {"uv": [8, 0, 8, 0.25], "texture": "#3"},
				"up": {"uv": [8.625, 0, 8, 0], "texture": "#3"},
				"down": {"uv": [8.625, 0, 8, 0], "texture": "#3"}
			}
		},
		{
			"from": [5.5, 29, 10.4],
			"to": [10.5, 31, 10.4],
			"rotation": {"angle": 0, "axis": "y", "origin": [8, 12, 10]},
			"faces": {
				"north": {"uv": [11.75, 0.25, 11.125, 0.5], "texture": "#3"},
				"east": {"uv": [8, 0, 8, 0.25], "texture": "#3"},
				"south": {"uv": [11.125, 0.25, 11.75, 0.5], "texture": "#3"},
				"west": {"uv": [8, 0, 8, 0.25], "texture": "#3"},
				"up": {"uv": [8.625, 0, 8, 0], "texture": "#3"},
				"down": {"uv": [8.625, 0, 8, 0], "texture": "#3"}
			}
		},
		{
			"from": [10.5, 21, 5.4],
			"to": [10.5, 27, 10.4],
			"faces": {
				"north": {"uv": [8, 0, 8, 0.75], "texture": "#3"},
				"east": {"uv": [8.75, 1, 9.375, 1.75], "texture": "#3"},
				"south": {"uv": [8, 0, 8, 0.75], "texture": "#3"},
				"west": {"uv": [9.375, 1, 8.75, 1.75], "texture": "#3"},
				"up": {"uv": [8, 0.625, 8, 0], "texture": "#3"},
				"down": {"uv": [8, 0, 8, 0.625], "texture": "#3"}
			}
		},
		{
			"from": [5.5, 21, 5.4],
			"to": [5.5, 27, 10.4],
			"faces": {
				"north": {"uv": [8, 0, 8, 0.75], "texture": "#3"},
				"east": {"uv": [9.375, 1.75, 8.75, 2.5], "texture": "#3"},
				"south": {"uv": [8, 0, 8, 0.75], "texture": "#3"},
				"west": {"uv": [8.75, 1.75, 9.375, 2.5], "texture": "#3"},
				"up": {"uv": [8, 0.625, 8, 0], "texture": "#3"},
				"down": {"uv": [8, 0, 8, 0.625], "texture": "#3"}
			}
		},
		{
			"from": [5.5, 21, 5.4],
			"to": [10.5, 27, 5.4],
			"faces": {
				"north": {"uv": [9.375, 1.75, 10, 2.5], "texture": "#3"},
				"east": {"uv": [8, 0, 8, 0.75], "texture": "#3"},
				"south": {"uv": [10, 1.75, 9.375, 2.5], "texture": "#3"},
				"west": {"uv": [8, 0, 8, 0.75], "texture": "#3"},
				"up": {"uv": [8.625, 0, 8, 0], "texture": "#3"},
				"down": {"uv": [8.625, 0, 8, 0], "texture": "#3"}
			}
		},
		{
			"from": [5.5, 21, 10.4],
			"to": [10.5, 27, 10.4],
			"faces": {
				"north": {"uv": [10.75, 0, 10.125, 0.75], "texture": "#3"},
				"east": {"uv": [8, 0, 8, 0.75], "texture": "#3"},
				"south": {"uv": [10.125, 0, 10.75, 0.75], "texture": "#3"},
				"west": {"uv": [8, 0, 8, 0.75], "texture": "#3"},
				"up": {"uv": [8.625, 0, 8, 0], "texture": "#3"},
				"down": {"uv": [8.625, 0, 8, 0], "texture": "#3"}
			}
		},
		{
			"from": [5.5, 19, 5.4],
			"to": [10.5, 21, 10.4],
			"faces": {
				"north": {"uv": [11, 1.5, 11.625, 1.75], "texture": "#3"},
				"east": {"uv": [11, 1.75, 11.625, 2], "texture": "#3"},
				"south": {"uv": [11, 2, 11.625, 2.25], "texture": "#3"},
				"west": {"uv": [11, 2.25, 11.625, 2.5], "texture": "#3"},
				"up": {"uv": [9.25, 3.125, 8.625, 2.5], "texture": "#3"},
				"down": {"uv": [9.875, 2.5, 9.25, 3.125], "texture": "#3"}
			}
		},
		{
			"from": [6.5, 29, 7.9],
			"to": [9.5, 32, 7.9],
			"faces": {
				"north": {"uv": [10.25, 2.875, 10.625, 3.25], "texture": "#3"},
				"east": {"uv": [8, 0, 8, 0.375], "texture": "#3"},
				"south": {"uv": [10.625, 2.875, 10.25, 3.25], "texture": "#3"},
				"west": {"uv": [8, 0, 8, 0.375], "texture": "#3"},
				"up": {"uv": [8.375, 0, 8, 0], "texture": "#3"},
				"down": {"uv": [8.375, 0, 8, 0], "texture": "#3"}
			}
		},
		{
			"from": [8, 29, 6.4],
			"to": [8, 32, 9.4],
			"rotation": {"angle": 0, "axis": "y", "origin": [8, -0.5, 10]},
			"faces": {
				"north": {"uv": [8, 0, 8, 0.375], "texture": "#3"},
				"east": {"uv": [11.5, 3.25, 11.875, 3.625], "texture": "#3"},
				"south": {"uv": [8, 0, 8, 0.375], "texture": "#3"},
				"west": {"uv": [11.875, 3.25, 11.5, 3.625], "texture": "#3"},
				"up": {"uv": [8, 0.375, 8, 0], "texture": "#3"},
				"down": {"uv": [8, 0, 8, 0.375], "texture": "#3"}
			}
		},
		{
			"from": [8, 21, 6.4],
			"to": [8, 26, 9.4],
			"faces": {
				"north": {"uv": [0, 0, 0, 5], "texture": "#1"},
				"east": {"uv": [3, 0, 0, 5], "texture": "#1"},
				"south": {"uv": [0, 0, 0, 5], "texture": "#1"},
				"west": {"uv": [0, 0, 3, 5], "texture": "#1"},
				"up": {"uv": [0, 0.75, 0, 0], "texture": "#1"},
				"down": {"uv": [0, 0, 0, 0.75], "texture": "#1"}
			}
		},
		{
			"from": [6.5, 21, 7.9],
			"to": [9.5, 26, 7.9],
			"rotation": {"angle": 0, "axis": "y", "origin": [8, 5.5, 10]},
			"faces": {
				"north": {"uv": [3, 0, 0, 5], "texture": "#1"},
				"east": {"uv": [0, 0, 0, 5], "texture": "#1"},
				"south": {"uv": [3, 0, 0, 5], "texture": "#1"},
				"west": {"uv": [0, 0, 0, 5], "texture": "#1"},
				"up": {"uv": [0.75, 0, 0, 0], "texture": "#1"},
				"down": {"uv": [0.75, 0, 0, 0], "texture": "#1"}
			}
		}
	],
	"display": {
		"thirdperson_righthand": {
			"translation": [0, -2.5, 1.25],
			"scale": [0.57, 0.57, 0.57]
		},
		"thirdperson_lefthand": {
			"translation": [0.25, -2.5, 1.75],
			"scale": [0.57, 0.57, 0.57]
		},
		"firstperson_righthand": {
			"rotation": [0, 112, 0],
			"translation": [0.5, -0.5, 1.25],
			"scale": [0.54, 0.54, 0.54]
		},
		"firstperson_lefthand": {
			"rotation": [0, 110, 0],
			"translation": [2, -0.25, 0],
			"scale": [0.54, 0.54, 0.54]
		},
		"ground": {
			"translation": [0, 6, 0],
			"scale": [0.43, 0.43, 0.43]
		},
		"gui": {
			"rotation": [26, 135, 0],
			"translation": [0, -2.25, 0],
			"scale": [0.39, 0.39, 0.39]
		},
		"fixed": {
			"rotation": [-90, 0, 0],
			"translation": [0, 0, -16],
			"scale": [2.01, 2.01, 2.01]
		}
	}
}