{
	"credit": "Made by Manning Design",
	"texture_size": [64, 64],
	"textures": {
		"1": "custom/bs_wheelbarrow"
	},
	"elements": [
		{
			"from": [13, 11.30125, -3.71358],
			"to": [15, 18.30125, 16.28642],
			"rotation": {"angle": -22.5, "axis": "x", "origin": [9, 17.80125, 9.28642]},
			"faces": {
				"north": {"uv": [9.5, 10.25, 10, 12], "texture": "#1"},
				"east": {"uv": [0, 5, 5, 6.75], "texture": "#1"},
				"south": {"uv": [3, 10.5, 3.5, 12.25], "texture": "#1"},
				"west": {"uv": [5, 5, 0, 6.75], "texture": "#1"},
				"up": {"uv": [5, 11.75, 4.5, 6.75], "texture": "#1"},
				"down": {"uv": [6.5, 7.25, 6, 12.25], "texture": "#1"}
			}
		},
		{
			"from": [1, 11.30125, -3.71358],
			"to": [3, 18.30125, 16.28642],
			"rotation": {"angle": -22.5, "axis": "x", "origin": [7, 17.80125, 9.28642]},
			"faces": {
				"north": {"uv": [10.5, 9.75, 11, 11.5], "texture": "#1"},
				"east": {"uv": [10, 3.5, 5, 5.25], "texture": "#1"},
				"south": {"uv": [11, 9.75, 11.5, 11.5], "texture": "#1"},
				"west": {"uv": [5, 3.5, 10, 5.25], "texture": "#1"},
				"up": {"uv": [7, 12.25, 6.5, 7.25], "texture": "#1"},
				"down": {"uv": [7.5, 7.25, 7, 12.25], "texture": "#1"}
			}
		},
		{
			"from": [3, 9.30125, -3.71358],
			"to": [13, 11.30125, 16.28642],
			"rotation": {"angle": -22.5, "axis": "x", "origin": [7, 17.80125, 9.28642]},
			"faces": {
				"north": {"uv": [10, 3.75, 12.5, 4.25], "texture": "#1"},
				"east": {"uv": [7.5, 7.25, 12.5, 7.75], "texture": "#1"},
				"south": {"uv": [10, 4.25, 12.5, 4.75], "texture": "#1"},
				"west": {"uv": [7.5, 7.75, 12.5, 8.25], "texture": "#1"},
				"up": {"uv": [2.5, 5, 0, 0], "texture": "#1"},
				"down": {"uv": [2.5, 0, 0, 5], "texture": "#1"}
			}
		},
		{
			"from": [3, 11.30125, -3.71358],
			"to": [13, 15.30125, -1.71358],
			"rotation": {"angle": -22.5, "axis": "x", "origin": [7, 17.80125, 9.28642]},
			"faces": {
				"north": {"uv": [7.5, 8.25, 10, 9.25], "texture": "#1"},
				"east": {"uv": [11.5, 11.75, 12, 12.75], "texture": "#1"},
				"south": {"uv": [1, 8.5, 3.5, 9.5], "texture": "#1"},
				"west": {"uv": [12, 1.75, 12.5, 2.75], "texture": "#1"},
				"up": {"uv": [12.5, 5.25, 10, 4.75], "texture": "#1"},
				"down": {"uv": [13, 8.25, 10.5, 8.75], "texture": "#1"}
			}
		},
		{
			"from": [3, 7.33159, -3.11404],
			"to": [13, 9.33159, 0.88596],
			"rotation": {"angle": 22.5, "axis": "x", "origin": [8, 12.33159, 5.38596]},
			"faces": {
				"north": {"uv": [10.5, 8.75, 13, 9.25], "texture": "#1"},
				"east": {"uv": [9.5, 12, 10.5, 12.5], "texture": "#1"},
				"south": {"uv": [10.5, 9.25, 13, 9.75], "texture": "#1"},
				"west": {"uv": [12, 9.75, 13, 10.25], "texture": "#1"},
				"up": {"uv": [10, 10.25, 7.5, 9.25], "texture": "#1"},
				"down": {"uv": [3.5, 9.5, 1, 10.5], "texture": "#1"}
			}
		},
		{
			"from": [13, 3.625, -5.75],
			"to": [15, 5.625, 23.25],
			"rotation": {"angle": -22.5, "axis": "x", "origin": [13, 5, -3]},
			"faces": {
				"north": {"uv": [12, 10.25, 12.5, 10.75], "texture": "#1"},
				"east": {"uv": [5, 5.25, 12.25, 5.75], "texture": "#1"},
				"south": {"uv": [10.5, 12, 11, 12.5], "texture": "#1"},
				"west": {"uv": [5, 5.75, 12.25, 6.25], "texture": "#1"},
				"up": {"uv": [5.5, 13.5, 5, 6.25], "texture": "#1"},
				"down": {"uv": [6, 6.25, 5.5, 13.5], "texture": "#1"}
			}
		},
		{
			"from": [1, 3.625, -5.75],
			"to": [3, 5.625, 23.25],
			"rotation": {"angle": -22.5, "axis": "x", "origin": [3, 5, -3]},
			"faces": {
				"north": {"uv": [12, 10.75, 12.5, 11.25], "texture": "#1"},
				"east": {"uv": [6, 6.25, 13.25, 6.75], "texture": "#1"},
				"south": {"uv": [11, 12, 11.5, 12.5], "texture": "#1"},
				"west": {"uv": [6, 6.75, 13.25, 7.25], "texture": "#1"},
				"up": {"uv": [0.5, 14, 0, 6.75], "texture": "#1"},
				"down": {"uv": [1, 6.75, 0.5, 14], "texture": "#1"}
			}
		},
		{
			"from": [1.025, 15.5733, 20.20715],
			"to": [2.975, 17.5733, 24.20715],
			"rotation": {"angle": 22.5, "axis": "x", "origin": [3, 14.5733, 15.70715]},
			"faces": {
				"north": {"uv": [2, 12.25, 2.5, 12.75], "texture": "#1"},
				"east": {"uv": [11.5, 0.75, 12.5, 1.25], "texture": "#1"},
				"south": {"uv": [2.5, 12.25, 3, 12.75], "texture": "#1"},
				"west": {"uv": [11.5, 1.25, 12.5, 1.75], "texture": "#1"},
				"up": {"uv": [12, 2.75, 11.5, 1.75], "texture": "#1"},
				"down": {"uv": [12, 9.75, 11.5, 10.75], "texture": "#1"}
			}
		},
		{
			"from": [13.025, 15.5733, 20.20715],
			"to": [14.975, 17.5733, 24.20715],
			"rotation": {"angle": 22.5, "axis": "x", "origin": [3, 14.5733, 15.70715]},
			"faces": {
				"north": {"uv": [3, 12.25, 3.5, 12.75], "texture": "#1"},
				"east": {"uv": [11.5, 2.75, 12.5, 3.25], "texture": "#1"},
				"south": {"uv": [3.5, 12.25, 4, 12.75], "texture": "#1"},
				"west": {"uv": [10.5, 11.5, 11.5, 12], "texture": "#1"},
				"up": {"uv": [12, 11.75, 11.5, 10.75], "texture": "#1"},
				"down": {"uv": [5, 11.75, 4.5, 12.75], "texture": "#1"}
			}
		},
		{
			"from": [6, 0, -7.75],
			"to": [10, 7, -0.75],
			"rotation": {"angle": 0, "axis": "x", "origin": [8, 3.5, -4]},
			"faces": {
				"north": {"uv": [10.5, 0, 11.5, 1.75], "texture": "#1"},
				"east": {"uv": [1, 6.75, 2.75, 8.5], "texture": "#1"},
				"south": {"uv": [1, 10.5, 2, 12.25], "texture": "#1"},
				"west": {"uv": [2.75, 6.75, 4.5, 8.5], "texture": "#1"},
				"up": {"uv": [11.5, 3.5, 10.5, 1.75], "texture": "#1"},
				"down": {"uv": [3, 10.5, 2, 12.25], "texture": "#1"}
			}
		},
		{
			"from": [3, 3, -4.75],
			"to": [13, 4, -3.75],
			"rotation": {"angle": 0, "axis": "y", "origin": [0, 0, -4]},
			"faces": {
				"north": {"uv": [10.5, 3.5, 13, 3.75], "texture": "#1"},
				"east": {"uv": [11.5, 3.25, 11.75, 3.5], "texture": "#1"},
				"south": {"uv": [11.5, 0, 14, 0.25], "texture": "#1"},
				"west": {"uv": [11.75, 3.25, 12, 3.5], "texture": "#1"},
				"up": {"uv": [14, 0.5, 11.5, 0.25], "texture": "#1"},
				"down": {"uv": [14, 0.5, 11.5, 0.75], "texture": "#1"}
			}
		},
		{
			"from": [-1, 0, 15],
			"to": [1, 15, 17],
			"rotation": {"angle": -22.5, "axis": "x", "origin": [1, 1, 16]},
			"faces": {
				"north": {"uv": [3.5, 8.5, 4, 12.25], "texture": "#1"},
				"east": {"uv": [4, 8.5, 4.5, 12.25], "texture": "#1"},
				"south": {"uv": [10, 0, 10.5, 3.75], "texture": "#1"},
				"west": {"uv": [10, 8.25, 10.5, 12], "texture": "#1"},
				"up": {"uv": [12.5, 11.75, 12, 11.25], "texture": "#1"},
				"down": {"uv": [12.5, 11.75, 12, 12.25], "texture": "#1"}
			}
		},
		{
			"from": [15, 0, 15],
			"to": [17, 15, 17],
			"rotation": {"angle": -22.5, "axis": "x", "origin": [1, 1, 16]},
			"faces": {
				"north": {"uv": [7.5, 10.25, 8, 14], "texture": "#1"},
				"east": {"uv": [8, 10.25, 8.5, 14], "texture": "#1"},
				"south": {"uv": [8.5, 10.25, 9, 14], "texture": "#1"},
				"west": {"uv": [9, 10.25, 9.5, 14], "texture": "#1"},
				"up": {"uv": [1.5, 12.75, 1, 12.25], "texture": "#1"},
				"down": {"uv": [2, 12.25, 1.5, 12.75], "texture": "#1"}
			}
		}
	],
	"display": {
		"thirdperson_righthand": {
			"translation": [2.5, 2.25, -1.5],
			"scale": [0.57, 0.57, 0.57]
		},
		"thirdperson_lefthand": {
			"translation": [2.5, 2.25, -1.5],
			"scale": [0.57, 0.57, 0.57]
		},
		"firstperson_righthand": {
			"rotation": [0, -42, 0],
			"scale": [0.54, 0.54, 0.54]
		},
		"firstperson_lefthand": {
			"rotation": [0, -42, 0],
			"scale": [0.54, 0.54, 0.54]
		},
		"ground": {
			"translation": [0, 2.25, 0],
			"scale": [0.43, 0.43, 0.43]
		},
		"gui": {
			"rotation": [26, -45, 0],
			"scale": [0.33, 0.33, 0.33]
		},
		"fixed": {
			"rotation": [-90, 0, 0],
			"translation": [0, 0, -16],
			"scale": [2.01, 2.01, 2.01]
		}
	}
}