{
    "parent": "item/generated",
    "textures": {
        "layer0": "item/brick"
    },
    "overrides": [
        { "predicate": {  "custom_model_data":  1  }, "model": "custom/cottagecore_cozyhome/bs_cookie_jar" },
        { "predicate": {  "custom_model_data":  2  }, "model": "custom/cottagecore_cozyhome/bs_crop_marker_beet" },
        { "predicate": {  "custom_model_data":  3  }, "model": "custom/cottagecore_cozyhome/bs_crop_marker_carrot" },
        { "predicate": {  "custom_model_data":  4  }, "model": "custom/cottagecore_cozyhome/bs_crop_marker_potato" },
        { "predicate": {  "custom_model_data":  5  }, "model": "custom/cottagecore_cozyhome/bs_crop_marker_wheat" },
        { "predicate": {  "custom_model_data":  6  }, "model": "custom/cottagecore_cozyhome/bs_cutting_board_bread" },
        { "predicate": {  "custom_model_data":  7  }, "model": "custom/cottagecore_cozyhome/bs_cutting_board_carrot" },
        { "predicate": {  "custom_model_data":  8  }, "model": "custom/cottagecore_cozyhome/bs_cutting_board_potato" },
        { "predicate": {  "custom_model_data":  9  }, "model": "custom/cottagecore_cozyhome/bs_diagonal_hoe" },
        { "predicate": {  "custom_model_data":  10  }, "model": "custom/cottagecore_cozyhome/bs_diagonal_ladder" },
        { "predicate": {  "custom_model_data":  11  }, "model": "custom/cottagecore_cozyhome/bs_diagonal_rake" },
        { "predicate": {  "custom_model_data":  12  }, "model": "custom/cottagecore_cozyhome/bs_diagonal_shovel" },
        { "predicate": {  "custom_model_data":  13  }, "model": "custom/cottagecore_cozyhome/bs_flower_box_allium" },
        { "predicate": {  "custom_model_data":  14  }, "model": "custom/cottagecore_cozyhome/bs_flower_box_azure_bluet" },       
        { "predicate": {  "custom_model_data":  15  }, "model": "custom/cottagecore_cozyhome/bs_flower_box_blue_orchid" },       
        { "predicate": {  "custom_model_data":  16  }, "model": "custom/cottagecore_cozyhome/bs_flower_box_blue" },
        { "predicate": {  "custom_model_data":  17  }, "model": "custom/cottagecore_cozyhome/bs_flower_box_cornflower" },        
        { "predicate": {  "custom_model_data":  18  }, "model": "custom/cottagecore_cozyhome/bs_flower_box_dandelion" },
        { "predicate": {  "custom_model_data":  19  }, "model": "custom/cottagecore_cozyhome/bs_flower_box_empty" },
        { "predicate": {  "custom_model_data":  20  }, "model": "custom/cottagecore_cozyhome/bs_flower_box_lily_of_the_valley" },
        { "predicate": {  "custom_model_data":  21  }, "model": "custom/cottagecore_cozyhome/bs_flower_box_orange_tulip" },      
        { "predicate": {  "custom_model_data":  22  }, "model": "custom/cottagecore_cozyhome/bs_flower_box_orange" },
        { "predicate": {  "custom_model_data":  23  }, "model": "custom/cottagecore_cozyhome/bs_flower_box_oxeye_daisy" },
        { "predicate": {  "custom_model_data":  24  }, "model": "custom/cottagecore_cozyhome/bs_flower_box_pink_tulip" },
        { "predicate": {  "custom_model_data":  25  }, "model": "custom/cottagecore_cozyhome/bs_flower_box_pink" },
        { "predicate": {  "custom_model_data":  26  }, "model": "custom/cottagecore_cozyhome/bs_flower_box_poppy" },
        { "predicate": {  "custom_model_data":  27  }, "model": "custom/cottagecore_cozyhome/bs_flower_box_red_tulip" },
        { "predicate": {  "custom_model_data":  28  }, "model": "custom/cottagecore_cozyhome/bs_flower_box_red" },
        { "predicate": {  "custom_model_data":  29  }, "model": "custom/cottagecore_cozyhome/bs_flower_box_white_tulip" },
        { "predicate": {  "custom_model_data":  30  }, "model": "custom/cottagecore_cozyhome/bs_flower_box_white" },
        { "predicate": {  "custom_model_data":  31  }, "model": "custom/cottagecore_cozyhome/bs_grandfather_clock" },
        { "predicate": {  "custom_model_data":  32  }, "model": "custom/cottagecore_cozyhome/bs_hanging_apron_brown" },
        { "predicate": {  "custom_model_data":  33  }, "model": "custom/cottagecore_cozyhome/bs_hanging_apron_green" },
        { "predicate": {  "custom_model_data":  34  }, "model": "custom/cottagecore_cozyhome/bs_hanging_apron_red" },
        { "predicate": {  "custom_model_data":  35  }, "model": "custom/cottagecore_cozyhome/bs_hanging_apron_white" },
        { "predicate": {  "custom_model_data":  36  }, "model": "custom/cottagecore_cozyhome/bs_hanging_farmer_hat" },
        { "predicate": {  "custom_model_data":  37  }, "model": "custom/cottagecore_cozyhome/bs_hanging_ivy" },
        { "predicate": {  "custom_model_data":  38  }, "model": "custom/cottagecore_cozyhome/bs_kitchen_jar_1_2" },
        { "predicate": {  "custom_model_data":  39  }, "model": "custom/cottagecore_cozyhome/bs_kitchen_jar_1_3" },
        { "predicate": {  "custom_model_data":  40  }, "model": "custom/cottagecore_cozyhome/bs_kitchen_jar_1_4" },
        { "predicate": {  "custom_model_data":  41  }, "model": "custom/cottagecore_cozyhome/bs_kitchen_jar_1" },
        { "predicate": {  "custom_model_data":  42  }, "model": "custom/cottagecore_cozyhome/bs_kitchen_jar_2_1" },
        { "predicate": {  "custom_model_data":  43  }, "model": "custom/cottagecore_cozyhome/bs_kitchen_jar_2_2" },
        { "predicate": {  "custom_model_data":  44  }, "model": "custom/cottagecore_cozyhome/bs_kitchen_jar_2_3" },
        { "predicate": {  "custom_model_data":  45  }, "model": "custom/cottagecore_cozyhome/bs_kitchen_jar_2" },
        { "predicate": {  "custom_model_data":  46  }, "model": "custom/cottagecore_cozyhome/bs_lawn_chair_blue" },
        { "predicate": {  "custom_model_data":  47  }, "model": "custom/cottagecore_cozyhome/bs_lawn_chair_green" },
        { "predicate": {  "custom_model_data":  48  }, "model": "custom/cottagecore_cozyhome/bs_lawn_chair_orange" },
        { "predicate": {  "custom_model_data":  49  }, "model": "custom/cottagecore_cozyhome/bs_lawn_chair_pink" },
        { "predicate": {  "custom_model_data":  50  }, "model": "custom/cottagecore_cozyhome/bs_lawn_chair_white" },
        { "predicate": {  "custom_model_data":  51  }, "model": "custom/cottagecore_cozyhome/bs_lawn_chair_yellow" },
        { "predicate": {  "custom_model_data":  52  }, "model": "custom/cottagecore_cozyhome/bs_loaf_of_bread" },
        { "predicate": {  "custom_model_data":  53  }, "model": "custom/cottagecore_cozyhome/bs_mailbox_blue" },
        { "predicate": {  "custom_model_data":  54  }, "model": "custom/cottagecore_cozyhome/bs_mailbox_green" },
        { "predicate": {  "custom_model_data":  55  }, "model": "custom/cottagecore_cozyhome/bs_mailbox_orange" },
        { "predicate": {  "custom_model_data":  56  }, "model": "custom/cottagecore_cozyhome/bs_mailbox_pink" },
        { "predicate": {  "custom_model_data":  57  }, "model": "custom/cottagecore_cozyhome/bs_mailbox_white" },
        { "predicate": {  "custom_model_data":  58  }, "model": "custom/cottagecore_cozyhome/bs_mailbox_yellow" },
        { "predicate": {  "custom_model_data":  59  }, "model": "custom/cottagecore_cozyhome/bs_plate_single" },
        { "predicate": {  "custom_model_data":  60  }, "model": "custom/cottagecore_cozyhome/bs_plates_stacked_messy" },
        { "predicate": {  "custom_model_data":  61  }, "model": "custom/cottagecore_cozyhome/bs_plates_stacked_neat" },
        { "predicate": {  "custom_model_data":  62  }, "model": "custom/cottagecore_cozyhome/bs_pumpkin_pie" },
        { "predicate": {  "custom_model_data":  63  }, "model": "custom/cottagecore_cozyhome/bs_rocking_chair" },
        { "predicate": {  "custom_model_data":  64  }, "model": "custom/cottagecore_cozyhome/bs_tea_kettle" },
        { "predicate": {  "custom_model_data":  65  }, "model": "custom/cottagecore_cozyhome/bs_vintage_lamp_floor" },
        { "predicate": {  "custom_model_data":  66  }, "model": "custom/cottagecore_cozyhome/bs_vintage_lamp_wall" },
        { "predicate": {  "custom_model_data":  67  }, "model": "custom/cottagecore_cozyhome/bs_wall_clock" },
        { "predicate": {  "custom_model_data":  68  }, "model": "custom/cottagecore_cozyhome/bs_wheelbarrow" },
        { "predicate": {  "custom_model_data":  69  }, "model": "custom/cottagecore_cozyhome/bs_wind_chimes" },
        { "predicate": {  "custom_model_data":  70  }, "model": "custom/cottagecore_cozyhome/bs_wind_direction_indicator" }                                                
    ]
}
