{"credit":"MadewithBlockbench","texture_size":[128,128],"textures":{"0":"elitecreatures:fashion_store_furniture_v1/hanging_rail_p_4","1":"elitecreatures:fashion_store_furniture_v1/fashion_store_color","particle":"elitecreatures:fashion_store_furniture_v1/hanging_rail_p_4"},"elements":[{"from":[0,31,4],"to":[16,32,15],"rotation":{"angle":0,"axis":"y","origin":[7,0,7]},"faces":{"north":{"uv":[2.125,1.375,4.125,1.5],"texture":"#0"},"east":{"uv":[2.125,1.5,3.5,1.625],"texture":"#0"},"west":{"uv":[3.5,1.5,2.125,1.625],"texture":"#0"},"up":{"uv":[4.125,1.375,2.125,0],"texture":"#0"},"down":{"uv":[4.125,0,2.125,1.375],"texture":"#0"}}},{"from":[0,3,4],"to":[16,4,15],"rotation":{"angle":0,"axis":"y","origin":[7,0,7]},"faces":{"north":{"uv":[2.125,1.375,4.125,1.5],"texture":"#0"},"east":{"uv":[2.125,1.5,3.5,1.625],"texture":"#0"},"west":{"uv":[3.5,1.5,2.125,1.625],"texture":"#0"},"up":{"uv":[4.125,1.375,2.125,0],"texture":"#0"},"down":{"uv":[4.125,0,2.125,1.375],"texture":"#0"}}},{"from":[0,0,15],"to":[16,32,16],"rotation":{"angle":0,"axis":"y","origin":[7,0,7]},"faces":{"north":{"uv":[0,0,2,4],"texture":"#0"},"east":{"uv":[2,0,2.125,4],"texture":"#0"},"south":{"uv":[0,0,2,4],"texture":"#0"},"west":{"uv":[2.125,0,2,4],"texture":"#0"},"up":{"uv":[2,4.125,0,4],"texture":"#0"},"down":{"uv":[2,4,0,4.125],"texture":"#0"}}},{"from":[7.5,28,6],"to":[8.5,28,15],"rotation":{"angle":0,"axis":"y","origin":[7,0,7]},"faces":{"up":{"uv":[4.25,1.125,4.125,0],"texture":"#0"},"down":{"uv":[4.25,0,4.125,1.125],"texture":"#0"}}},{"from":[7.5,15,6],"to":[8.5,15,15],"rotation":{"angle":0,"axis":"y","origin":[7,0,7]},"faces":{"up":{"uv":[4.25,1.125,4.125,0],"texture":"#0"},"down":{"uv":[4.25,0,4.125,1.125],"texture":"#0"}}},{"from":[0,0,5],"to":[16,3,15],"rotation":{"angle":0,"axis":"y","origin":[7,0,7]},"faces":{"north":{"uv":[2.125,2.875,4.125,3.25],"texture":"#0"},"east":{"uv":[2.125,3.25,3.375,3.625],"texture":"#0"},"west":{"uv":[3.375,3.25,2.125,3.625],"texture":"#0"},"down":{"uv":[4.125,1.625,2.125,2.875],"texture":"#0"}}},{"from":[2,4.5,8],"to":[14,15.5,8],"rotation":{"angle":0,"axis":"y","origin":[25,19,3]},"faces":{"north":{"uv":[0,9.875,1.5,11.25],"texture":"#1"},"south":{"uv":[1.5,9.875,0,11.25],"texture":"#1"}}},{"from":[2,17.5,8],"to":[14,28.5,8],"rotation":{"angle":0,"axis":"y","origin":[25,19,3]},"faces":{"north":{"uv":[1.5625,9.875,3.0625,11.25],"texture":"#1"},"south":{"uv":[3.0625,9.875,1.5625,11.25],"texture":"#1"}}},{"from":[2,4.5,10],"to":[14,15.5,10],"rotation":{"angle":0,"axis":"y","origin":[25,19,3]},"faces":{"north":{"uv":[0,9.875,1.5,11.25],"texture":"#1"},"south":{"uv":[1.5,9.875,0,11.25],"texture":"#1"}}},{"from":[2,17.5,10],"to":[14,28.5,10],"rotation":{"angle":0,"axis":"y","origin":[25,19,3]},"faces":{"north":{"uv":[1.5625,9.875,3.0625,11.25],"texture":"#1"},"south":{"uv":[3.0625,9.875,1.5625,11.25],"texture":"#1"}}},{"from":[2,4.5,12],"to":[14,15.5,12],"rotation":{"angle":0,"axis":"y","origin":[25,19,3]},"faces":{"north":{"uv":[0,9.875,1.5,11.25],"texture":"#1"},"south":{"uv":[1.5,9.875,0,11.25],"texture":"#1"}}},{"from":[2,17.5,12],"to":[14,28.5,12],"rotation":{"angle":0,"axis":"y","origin":[25,19,3]},"faces":{"north":{"uv":[1.5625,9.875,3.0625,11.25],"texture":"#1"},"south":{"uv":[3.0625,9.875,1.5625,11.25],"texture":"#1"}}},{"from":[2,4.5,14],"to":[14,15.5,14],"rotation":{"angle":0,"axis":"y","origin":[25,19,3]},"faces":{"north":{"uv":[0,9.875,1.5,11.25],"texture":"#1"},"south":{"uv":[1.5,9.875,0,11.25],"texture":"#1"}}},{"from":[2,17.5,14],"to":[14,28.5,14],"rotation":{"angle":0,"axis":"y","origin":[25,19,3]},"faces":{"north":{"uv":[1.5625,9.875,3.0625,11.25],"texture":"#1"},"south":{"uv":[3.0625,9.875,1.5625,11.25],"texture":"#1"}}}],"gui_light":"front","display":{"thirdperson_righthand":{"rotation":[67.5,0,0],"translation":[0,1.75,-0.5],"scale":[0.25,0.25,0.25]},"thirdperson_lefthand":{"rotation":[67.5,0,0],"translation":[0,1.75,-0.5],"scale":[0.25,0.25,0.25]},"firstperson_righthand":{"translation":[0,3.25,0.25],"scale":[0.31211,0.31211,0.31211]},"firstperson_lefthand":{"translation":[0,3.25,0.25],"scale":[0.31211,0.31211,0.31211]},"ground":{"translation":[0,5.5,0],"scale":[0.45,0.45,0.45]},"gui":{"rotation":[30,225,0],"translation":[1,-3.25,0],"scale":[0.4082,0.4082,0.4082]},"head":{"rotation":[0,-180,0],"translation":[0,-30.4,0],"scale":[1.6,1.6,1.6]},"fixed":{"rotation":[-90,0,0],"translation":[0,0,-16],"scale":[2,2,2]}}}