{"credit":"MadewithBlockbench","texture_size":[32,32],"textures":{"0":"elitecreatures:casino_decoration_v2/07_chair_texture","1":"elitecreatures:casino_decoration_v2/16_red_armrest_chair_texture","particle":"elitecreatures:casino_decoration_v2/07_chair_texture"},"elements":[{"from":[4,12,4],"to":[12,15,12],"faces":{"north":{"uv":[2,0,4,0.75],"texture":"#0"},"east":{"uv":[0.0375,4.275,1.975,4.99375],"texture":"#0"},"south":{"uv":[2,0,4,0.75],"texture":"#0"},"west":{"uv":[2,4.275,0.03125,4.99375],"texture":"#0"},"up":{"uv":[4,4.25,2,2.25],"texture":"#0"},"down":{"uv":[2,2.25,0,4.25],"texture":"#0"}}},{"from":[4.1,12.3467,12.257],"to":[11.9,21.3467,14.257],"rotation":{"angle":22.5,"axis":"x","origin":[8,17.8467,12.257]},"faces":{"north":{"uv":[0,0,2,2.25],"texture":"#0"},"east":{"uv":[4.5,0,5,2.25],"texture":"#0"},"south":{"uv":[0,0,2,2.25],"texture":"#0"},"west":{"uv":[5,0,4.5,2.25],"texture":"#0"},"up":{"uv":[2.5,5,0.5,5.5],"texture":"#0"},"down":{"uv":[0,0,0,0],"texture":"#missing"}}},{"from":[4,14,5],"to":[5,18,11],"rotation":{"angle":22.5,"axis":"z","origin":[4,14,7.5]},"faces":{"north":{"uv":[2,4,2.5,6],"texture":"#1"},"east":{"uv":[0,0,3,2],"texture":"#1"},"south":{"uv":[2.5,4,2,6],"texture":"#1"},"west":{"uv":[3,0,0,2],"texture":"#1"},"up":{"uv":[1.5,7,1,4],"texture":"#1"},"down":{"uv":[2,4,1.5,7],"texture":"#1"}}},{"from":[11,14,5],"to":[12,18,11],"rotation":{"angle":-22.5,"axis":"z","origin":[12,14,7.5]},"faces":{"north":{"uv":[2.5,4,2,6],"texture":"#1"},"east":{"uv":[3,0,0,2],"texture":"#1"},"south":{"uv":[2,4,2.5,6],"texture":"#1"},"west":{"uv":[3,0,0,2],"texture":"#1"},"up":{"uv":[1,7,1.5,4],"texture":"#1"},"down":{"uv":[1.5,4,2,7],"texture":"#1"}}},{"from":[4,0,4],"to":[5,12,5],"faces":{"north":{"uv":[0.5,4,1,10],"texture":"#1"},"east":{"uv":[0.5,4,1,10],"texture":"#1"},"south":{"uv":[0.5,4,1,10],"texture":"#1"},"west":{"uv":[0.5,4,1,10],"texture":"#1"},"up":{"uv":[3,4.5,2.5,4],"texture":"#1"},"down":{"uv":[4.5,4,4,4.5],"texture":"#1"}}},{"from":[4,0,11],"to":[5,12,12],"faces":{"north":{"uv":[0.5,4,1,10],"texture":"#1"},"east":{"uv":[0.5,4,1,10],"texture":"#1"},"south":{"uv":[0.5,4,1,10],"texture":"#1"},"west":{"uv":[0.5,4,1,10],"texture":"#1"},"up":{"uv":[3,4.5,2.5,4],"texture":"#1"},"down":{"uv":[4.5,4,4,4.5],"texture":"#1"}}},{"from":[5,4,11.5],"to":[11,6,11.5],"rotation":{"angle":0,"axis":"y","origin":[4.5,5,8]},"faces":{"north":{"uv":[3,2,6,3],"texture":"#1"},"east":{"uv":[0,0,0,1],"texture":"#1"},"south":{"uv":[3,2,6,3],"texture":"#1"},"west":{"uv":[0,0,0,1],"texture":"#1"},"up":{"uv":[0,3,0,0],"rotation":270,"texture":"#1"},"down":{"uv":[0,0,0,3],"rotation":90,"texture":"#1"}}},{"from":[5,4,4.5],"to":[11,6,4.5],"rotation":{"angle":0,"axis":"y","origin":[4.5,5,8]},"faces":{"north":{"uv":[3,2,6,3],"texture":"#1"},"east":{"uv":[0,0,0,1],"texture":"#1"},"south":{"uv":[3,2,6,3],"texture":"#1"},"west":{"uv":[0,0,0,1],"texture":"#1"},"up":{"uv":[0,3,0,0],"rotation":270,"texture":"#1"},"down":{"uv":[0,0,0,3],"rotation":90,"texture":"#1"}}},{"from":[4.5,4,5],"to":[4.5,6,11],"rotation":{"angle":0,"axis":"y","origin":[8,5,4.5]},"faces":{"north":{"uv":[0,0,0,1],"texture":"#1"},"east":{"uv":[3,2,6,3],"texture":"#1"},"south":{"uv":[0,0,0,1],"texture":"#1"},"west":{"uv":[3,2,6,3],"texture":"#1"},"up":{"uv":[0,3,0,0],"rotation":180,"texture":"#1"},"down":{"uv":[0,0,0,3],"rotation":180,"texture":"#1"}}},{"from":[11.5,4,5],"to":[11.5,6,11],"rotation":{"angle":0,"axis":"y","origin":[8,5,4.5]},"faces":{"north":{"uv":[0,0,0,1],"texture":"#1"},"east":{"uv":[3,2,6,3],"texture":"#1"},"south":{"uv":[0,0,0,1],"texture":"#1"},"west":{"uv":[3,2,6,3],"texture":"#1"},"up":{"uv":[0,3,0,0],"rotation":180,"texture":"#1"},"down":{"uv":[0,0,0,3],"rotation":180,"texture":"#1"}}},{"from":[11,0,11],"to":[12,12,12],"faces":{"north":{"uv":[0.5,4,1,10],"texture":"#1"},"east":{"uv":[0.5,4,1,10],"texture":"#1"},"south":{"uv":[0.5,4,1,10],"texture":"#1"},"west":{"uv":[0.5,4,1,10],"texture":"#1"},"up":{"uv":[3,4.5,2.5,4],"texture":"#1"},"down":{"uv":[4.5,4,4,4.5],"texture":"#1"}}},{"from":[11,0,4],"to":[12,12,5],"faces":{"north":{"uv":[0.5,4,1,10],"texture":"#1"},"east":{"uv":[0.5,4,1,10],"texture":"#1"},"south":{"uv":[0.5,4,1,10],"texture":"#1"},"west":{"uv":[0.5,4,1,10],"texture":"#1"},"up":{"uv":[3,4.5,2.5,4],"texture":"#1"},"down":{"uv":[4.5,4,4,4.5],"texture":"#1"}}}],"gui_light":"front","display":{"thirdperson_righthand":{"rotation":[67.5,0,0],"translation":[0,1.5,0],"scale":[0.37898,0.37898,0.37898]},"thirdperson_lefthand":{"rotation":[67.5,0,0],"translation":[0,1.5,0],"scale":[0.37898,0.37898,0.37898]},"firstperson_righthand":{"translation":[1.25,3.25,0],"scale":[0.49922,0.49922,0.49922]},"firstperson_lefthand":{"rotation":[-180,60,-180],"translation":[1.25,3.25,0],"scale":[0.44844,0.44844,0.44844]},"ground":{"translation":[0,3.75,0],"scale":[0.42,0.42,0.42]},"gui":{"rotation":[30,145,0],"translation":[0,-1.75,0],"scale":[0.6,0.6,0.6]},"head":{"rotation":[0,-180,0],"translation":[0,-31.25,0],"scale":[0,0,0]},"fixed":{"rotation":[-90,0,0],"translation":[0,0,-19],"scale":[2.38,2.38,2.38]}}}