{"credit":"MadewithBlockbench","texture_size":[64,64],"textures":{"0":"elitecreatures:nightclub_furniture_v2/nightclub_bar_03","particle":"elitecreatures:nightclub_furniture_v2/nightclub_bar_03"},"elements":[{"from":[-16,0,14],"to":[32,16,16],"faces":{"north":{"uv":[0,0,12,4],"texture":"#0"},"east":{"uv":[0,10,0.5,14],"texture":"#0"},"south":{"uv":[0,4,12,8],"texture":"#0"},"west":{"uv":[0,10,0.5,14],"texture":"#0"},"up":{"uv":[12,10,0,9.5],"texture":"#0"},"down":{"uv":[12,9.5,0,10],"texture":"#0"}}},{"from":[-16,0,10],"to":[32,1,14],"faces":{"north":{"uv":[0,9,12,9.25],"texture":"#0"},"east":{"uv":[0,9.25,1,9.5],"texture":"#0"},"west":{"uv":[0,9.25,1,9.5],"texture":"#0"},"up":{"uv":[12,9,0,8],"texture":"#0"},"down":{"uv":[12,8,0,9],"texture":"#0"}}},{"from":[-16,15,10],"to":[32,16,14],"faces":{"north":{"uv":[0,9,12,9.25],"texture":"#0"},"east":{"uv":[0,9.25,1,9.5],"texture":"#0"},"west":{"uv":[0,9.25,1,9.5],"texture":"#0"},"up":{"uv":[12,9,0,8],"texture":"#0"},"down":{"uv":[12,8,0,9],"texture":"#0"}}},{"from":[-16,8,10],"to":[32,9,14],"faces":{"north":{"uv":[0,9,12,9.25],"texture":"#0"},"east":{"uv":[0,9.25,1,9.5],"texture":"#0"},"west":{"uv":[0,9.25,1,9.5],"texture":"#0"},"up":{"uv":[12,9,0,8],"texture":"#0"},"down":{"uv":[12,8,0,9],"texture":"#0"}}},{"from":[28,13,12],"to":[29,14,13],"rotation":{"angle":22.5,"axis":"y","origin":[28.5,12.25,12.5]},"faces":{"north":{"uv":[1.375,11.125,1.625,11.375],"texture":"#0"},"east":{"uv":[1.375,11.125,1.625,11.375],"texture":"#0"},"south":{"uv":[1.375,11.125,1.625,11.375],"texture":"#0"},"west":{"uv":[1.375,11.125,1.625,11.375],"texture":"#0"},"up":{"uv":[1.625,11.375,1.375,11.125],"texture":"#0"}}},{"from":[27,9,11.5],"to":[30,13,13.5],"rotation":{"angle":22.5,"axis":"y","origin":[28.5,12.25,12.5]},"faces":{"north":{"uv":[0.625,10.125,1.375,11.125],"texture":"#0"},"east":{"uv":[1.375,10.125,1.875,11.125],"texture":"#0"},"south":{"uv":[0.625,10.125,1.375,11.125],"texture":"#0"},"west":{"uv":[1.375,10.125,1.875,11.125],"texture":"#0"},"up":{"uv":[1.375,11.625,0.625,11.125],"texture":"#0"},"down":{"uv":[1.375,11.125,0.625,11.625],"texture":"#0"}}},{"from":[11,13,12],"to":[12,14,13],"faces":{"north":{"uv":[1.375,11.125,1.625,11.375],"texture":"#0"},"east":{"uv":[1.375,11.125,1.625,11.375],"texture":"#0"},"south":{"uv":[1.375,11.125,1.625,11.375],"texture":"#0"},"west":{"uv":[1.375,11.125,1.625,11.375],"texture":"#0"},"up":{"uv":[1.625,11.375,1.375,11.125],"texture":"#0"}}},{"from":[10,9,11.5],"to":[13,13,13.5],"faces":{"north":{"uv":[0.625,10.125,1.375,11.125],"texture":"#0"},"east":{"uv":[1.375,10.125,1.875,11.125],"texture":"#0"},"south":{"uv":[0.625,10.125,1.375,11.125],"texture":"#0"},"west":{"uv":[1.375,10.125,1.875,11.125],"texture":"#0"},"up":{"uv":[1.375,11.625,0.625,11.125],"texture":"#0"},"down":{"uv":[1.375,11.125,0.625,11.625],"texture":"#0"}}},{"from":[0,13,12],"to":[1,14,13],"rotation":{"angle":22.5,"axis":"y","origin":[0.5,12.25,12.5]},"faces":{"north":{"uv":[1.375,11.125,1.625,11.375],"texture":"#0"},"east":{"uv":[1.375,11.125,1.625,11.375],"texture":"#0"},"south":{"uv":[1.375,11.125,1.625,11.375],"texture":"#0"},"west":{"uv":[1.375,11.125,1.625,11.375],"texture":"#0"},"up":{"uv":[1.625,11.375,1.375,11.125],"texture":"#0"}}},{"from":[-1,9,11.5],"to":[2,13,13.5],"rotation":{"angle":22.5,"axis":"y","origin":[0.5,12.25,12.5]},"faces":{"north":{"uv":[0.625,10.125,1.375,11.125],"texture":"#0"},"east":{"uv":[1.375,10.125,1.875,11.125],"texture":"#0"},"south":{"uv":[0.625,10.125,1.375,11.125],"texture":"#0"},"west":{"uv":[1.375,10.125,1.875,11.125],"texture":"#0"},"up":{"uv":[1.375,11.625,0.625,11.125],"texture":"#0"},"down":{"uv":[1.375,11.125,0.625,11.625],"texture":"#0"}}},{"from":[-10,5,12],"to":[-9,6,13],"rotation":{"angle":-22.5,"axis":"y","origin":[-9.5,4.25,12.5]},"faces":{"north":{"uv":[1.375,11.125,1.625,11.375],"texture":"#0"},"east":{"uv":[1.375,11.125,1.625,11.375],"texture":"#0"},"south":{"uv":[1.375,11.125,1.625,11.375],"texture":"#0"},"west":{"uv":[1.375,11.125,1.625,11.375],"texture":"#0"},"up":{"uv":[1.625,11.375,1.375,11.125],"texture":"#0"}}},{"from":[-11,1,11.5],"to":[-8,5,13.5],"rotation":{"angle":-22.5,"axis":"y","origin":[-9.5,4.25,12.5]},"faces":{"north":{"uv":[0.625,10.125,1.375,11.125],"texture":"#0"},"east":{"uv":[1.375,10.125,1.875,11.125],"texture":"#0"},"south":{"uv":[0.625,10.125,1.375,11.125],"texture":"#0"},"west":{"uv":[1.375,10.125,1.875,11.125],"texture":"#0"},"up":{"uv":[1.375,11.625,0.625,11.125],"texture":"#0"},"down":{"uv":[1.375,11.125,0.625,11.625],"texture":"#0"}}},{"from":[18,5,12],"to":[19,6,13],"rotation":{"angle":45,"axis":"y","origin":[18.5,4.25,12.5]},"faces":{"north":{"uv":[1.375,11.125,1.625,11.375],"texture":"#0"},"east":{"uv":[1.375,11.125,1.625,11.375],"texture":"#0"},"south":{"uv":[1.375,11.125,1.625,11.375],"texture":"#0"},"west":{"uv":[1.375,11.125,1.625,11.375],"texture":"#0"},"up":{"uv":[1.625,11.375,1.375,11.125],"texture":"#0"}}},{"from":[17,1,11.5],"to":[20,5,13.5],"rotation":{"angle":45,"axis":"y","origin":[18.5,4.25,12.5]},"faces":{"north":{"uv":[0.625,10.125,1.375,11.125],"texture":"#0"},"east":{"uv":[1.375,10.125,1.875,11.125],"texture":"#0"},"south":{"uv":[0.625,10.125,1.375,11.125],"texture":"#0"},"west":{"uv":[1.375,10.125,1.875,11.125],"texture":"#0"},"up":{"uv":[1.375,11.625,0.625,11.125],"texture":"#0"},"down":{"uv":[1.375,11.125,0.625,11.625],"texture":"#0"}}},{"from":[10,5,12],"to":[11,6,13],"rotation":{"angle":-22.5,"axis":"y","origin":[10.5,4.25,12.5]},"faces":{"north":{"uv":[1.375,11.125,1.625,11.375],"texture":"#0"},"east":{"uv":[1.375,11.125,1.625,11.375],"texture":"#0"},"south":{"uv":[1.375,11.125,1.625,11.375],"texture":"#0"},"west":{"uv":[1.375,11.125,1.625,11.375],"texture":"#0"},"up":{"uv":[1.625,11.375,1.375,11.125],"texture":"#0"}}},{"from":[9,1,11.5],"to":[12,5,13.5],"rotation":{"angle":-22.5,"axis":"y","origin":[10.5,4.25,12.5]},"faces":{"north":{"uv":[0.625,10.125,1.375,11.125],"texture":"#0"},"east":{"uv":[1.375,10.125,1.875,11.125],"texture":"#0"},"south":{"uv":[0.625,10.125,1.375,11.125],"texture":"#0"},"west":{"uv":[1.375,10.125,1.875,11.125],"texture":"#0"},"up":{"uv":[1.375,11.625,0.625,11.125],"texture":"#0"},"down":{"uv":[1.375,11.125,0.625,11.625],"texture":"#0"}}},{"from":[24,9,11.5],"to":[26,13,13.5],"rotation":{"angle":22.5,"axis":"y","origin":[25,12.25,12.5]},"faces":{"north":{"uv":[2,10.125,2.5,11.125],"texture":"#0"},"east":{"uv":[2.5,10.125,3,11.125],"texture":"#0"},"south":{"uv":[2,10.125,2.5,11.125],"texture":"#0"},"west":{"uv":[2.5,10.125,3,11.125],"texture":"#0"},"up":{"uv":[3.5,10.625,3,10.125],"texture":"#0"},"down":{"uv":[3.5,10.625,3,11.125],"texture":"#0"}}},{"from":[24.5,13,12],"to":[25.5,14,13],"rotation":{"angle":22.5,"axis":"y","origin":[25,12.25,12.5]},"faces":{"north":{"uv":[2,11.125,2.25,11.375],"texture":"#0"},"east":{"uv":[2,11.125,2.25,11.375],"texture":"#0"},"south":{"uv":[2,11.125,2.25,11.375],"texture":"#0"},"west":{"uv":[2,11.125,2.25,11.375],"texture":"#0"},"up":{"uv":[2.25,11.375,2,11.125],"texture":"#0"}}},{"from":[15,9,11.5],"to":[17,13,13.5],"rotation":{"angle":-22.5,"axis":"y","origin":[16,12.25,12.5]},"faces":{"north":{"uv":[2,10.125,2.5,11.125],"texture":"#0"},"east":{"uv":[2.5,10.125,3,11.125],"texture":"#0"},"south":{"uv":[2,10.125,2.5,11.125],"texture":"#0"},"west":{"uv":[2.5,10.125,3,11.125],"texture":"#0"},"up":{"uv":[3.5,10.625,3,10.125],"texture":"#0"},"down":{"uv":[3.5,10.625,3,11.125],"texture":"#0"}}},{"from":[15.5,13,12],"to":[16.5,14,13],"rotation":{"angle":-22.5,"axis":"y","origin":[16,12.25,12.5]},"faces":{"north":{"uv":[2,11.125,2.25,11.375],"texture":"#0"},"east":{"uv":[2,11.125,2.25,11.375],"texture":"#0"},"south":{"uv":[2,11.125,2.25,11.375],"texture":"#0"},"west":{"uv":[2,11.125,2.25,11.375],"texture":"#0"},"up":{"uv":[2.25,11.375,2,11.125],"texture":"#0"}}},{"from":[-4,9,11.5],"to":[-2,13,13.5],"faces":{"north":{"uv":[2,10.125,2.5,11.125],"texture":"#0"},"east":{"uv":[2.5,10.125,3,11.125],"texture":"#0"},"south":{"uv":[2,10.125,2.5,11.125],"texture":"#0"},"west":{"uv":[2.5,10.125,3,11.125],"texture":"#0"},"up":{"uv":[3.5,10.625,3,10.125],"texture":"#0"},"down":{"uv":[3.5,10.625,3,11.125],"texture":"#0"}}},{"from":[-3.5,13,12],"to":[-2.5,14,13],"faces":{"north":{"uv":[2,11.125,2.25,11.375],"texture":"#0"},"east":{"uv":[2,11.125,2.25,11.375],"texture":"#0"},"south":{"uv":[2,11.125,2.25,11.375],"texture":"#0"},"west":{"uv":[2,11.125,2.25,11.375],"texture":"#0"},"up":{"uv":[2.25,11.375,2,11.125],"texture":"#0"}}},{"from":[-13,9,11.5],"to":[-11,13,13.5],"rotation":{"angle":-22.5,"axis":"y","origin":[-12,12.25,12.5]},"faces":{"north":{"uv":[2,10.125,2.5,11.125],"texture":"#0"},"east":{"uv":[2.5,10.125,3,11.125],"texture":"#0"},"south":{"uv":[2,10.125,2.5,11.125],"texture":"#0"},"west":{"uv":[2.5,10.125,3,11.125],"texture":"#0"},"up":{"uv":[3.5,10.625,3,10.125],"texture":"#0"},"down":{"uv":[3.5,10.625,3,11.125],"texture":"#0"}}},{"from":[-12.5,13,12],"to":[-11.5,14,13],"rotation":{"angle":-22.5,"axis":"y","origin":[-12,12.25,12.5]},"faces":{"north":{"uv":[2,11.125,2.25,11.375],"texture":"#0"},"east":{"uv":[2,11.125,2.25,11.375],"texture":"#0"},"south":{"uv":[2,11.125,2.25,11.375],"texture":"#0"},"west":{"uv":[2,11.125,2.25,11.375],"texture":"#0"},"up":{"uv":[2.25,11.375,2,11.125],"texture":"#0"}}},{"from":[-6,1,11.5],"to":[-4,5,13.5],"faces":{"north":{"uv":[2,10.125,2.5,11.125],"texture":"#0"},"east":{"uv":[2.5,10.125,3,11.125],"texture":"#0"},"south":{"uv":[2,10.125,2.5,11.125],"texture":"#0"},"west":{"uv":[2.5,10.125,3,11.125],"texture":"#0"},"up":{"uv":[3.5,10.625,3,10.125],"texture":"#0"},"down":{"uv":[3.5,10.625,3,11.125],"texture":"#0"}}},{"from":[-5.5,5,12],"to":[-4.5,6,13],"faces":{"north":{"uv":[2,11.125,2.25,11.375],"texture":"#0"},"east":{"uv":[2,11.125,2.25,11.375],"texture":"#0"},"south":{"uv":[2,11.125,2.25,11.375],"texture":"#0"},"west":{"uv":[2,11.125,2.25,11.375],"texture":"#0"},"up":{"uv":[2.25,11.375,2,11.125],"texture":"#0"}}},{"from":[-2,1,11.5],"to":[0,5,13.5],"rotation":{"angle":-45,"axis":"y","origin":[-1,4.25,12.5]},"faces":{"north":{"uv":[2,10.125,2.5,11.125],"texture":"#0"},"east":{"uv":[2.5,10.125,3,11.125],"texture":"#0"},"south":{"uv":[2,10.125,2.5,11.125],"texture":"#0"},"west":{"uv":[2.5,10.125,3,11.125],"texture":"#0"},"up":{"uv":[3.5,10.625,3,10.125],"texture":"#0"},"down":{"uv":[3.5,10.625,3,11.125],"texture":"#0"}}},{"from":[-1.5,5,12],"to":[-0.5,6,13],"rotation":{"angle":-45,"axis":"y","origin":[-1,4.25,12.5]},"faces":{"north":{"uv":[2,11.125,2.25,11.375],"texture":"#0"},"east":{"uv":[2,11.125,2.25,11.375],"texture":"#0"},"south":{"uv":[2,11.125,2.25,11.375],"texture":"#0"},"west":{"uv":[2,11.125,2.25,11.375],"texture":"#0"},"up":{"uv":[2.25,11.375,2,11.125],"texture":"#0"}}},{"from":[13,1,11.5],"to":[15,5,13.5],"faces":{"north":{"uv":[2,10.125,2.5,11.125],"texture":"#0"},"east":{"uv":[2.5,10.125,3,11.125],"texture":"#0"},"south":{"uv":[2,10.125,2.5,11.125],"texture":"#0"},"west":{"uv":[2.5,10.125,3,11.125],"texture":"#0"},"up":{"uv":[3.5,10.625,3,10.125],"texture":"#0"},"down":{"uv":[3.5,10.625,3,11.125],"texture":"#0"}}},{"from":[13.5,5,12],"to":[14.5,6,13],"faces":{"north":{"uv":[2,11.125,2.25,11.375],"texture":"#0"},"east":{"uv":[2,11.125,2.25,11.375],"texture":"#0"},"south":{"uv":[2,11.125,2.25,11.375],"texture":"#0"},"west":{"uv":[2,11.125,2.25,11.375],"texture":"#0"},"up":{"uv":[2.25,11.375,2,11.125],"texture":"#0"}}},{"from":[22,1,11.5],"to":[24,5,13.5],"faces":{"north":{"uv":[2,10.125,2.5,11.125],"texture":"#0"},"east":{"uv":[2.5,10.125,3,11.125],"texture":"#0"},"south":{"uv":[2,10.125,2.5,11.125],"texture":"#0"},"west":{"uv":[2.5,10.125,3,11.125],"texture":"#0"},"up":{"uv":[3.5,10.625,3,10.125],"texture":"#0"},"down":{"uv":[3.5,10.625,3,11.125],"texture":"#0"}}},{"from":[22.5,5,12],"to":[23.5,6,13],"faces":{"north":{"uv":[2,11.125,2.25,11.375],"texture":"#0"},"east":{"uv":[2,11.125,2.25,11.375],"texture":"#0"},"south":{"uv":[2,11.125,2.25,11.375],"texture":"#0"},"west":{"uv":[2,11.125,2.25,11.375],"texture":"#0"},"up":{"uv":[2.25,11.375,2,11.125],"texture":"#0"}}},{"from":[6,9,11.5],"to":[9,12,13.5],"rotation":{"angle":22.5,"axis":"y","origin":[7.5,11.75,12.5]},"faces":{"north":{"uv":[3.625,10.125,4.375,10.875],"texture":"#0"},"east":{"uv":[4.375,10.125,4.875,10.875],"texture":"#0"},"south":{"uv":[3.625,10.125,4.375,10.875],"texture":"#0"},"west":{"uv":[4.375,10.125,4.875,10.875],"texture":"#0"},"up":{"uv":[5.875,10.625,5.125,10.125],"texture":"#0"},"down":{"uv":[5.875,10.125,5.125,10.625],"texture":"#0"}}},{"from":[7,12,12],"to":[8,14,13],"rotation":{"angle":22.5,"axis":"y","origin":[7.5,11.75,12.5]},"faces":{"north":{"uv":[4.875,10.125,5.125,10.625],"texture":"#0"},"east":{"uv":[4.875,10.125,5.125,10.625],"texture":"#0"},"south":{"uv":[4.875,10.125,5.125,10.625],"texture":"#0"},"west":{"uv":[4.875,10.125,5.125,10.625],"texture":"#0"},"up":{"uv":[5.125,10.875,4.875,10.625],"texture":"#0"}}},{"from":[25,1,11.5],"to":[28,4,13.5],"rotation":{"angle":-22.5,"axis":"y","origin":[26.5,3.75,12.5]},"faces":{"north":{"uv":[3.625,10.125,4.375,10.875],"texture":"#0"},"east":{"uv":[4.375,10.125,4.875,10.875],"texture":"#0"},"south":{"uv":[3.625,10.125,4.375,10.875],"texture":"#0"},"west":{"uv":[4.375,10.125,4.875,10.875],"texture":"#0"},"up":{"uv":[5.875,10.625,5.125,10.125],"texture":"#0"},"down":{"uv":[5.875,10.125,5.125,10.625],"texture":"#0"}}},{"from":[26,4,12],"to":[27,6,13],"rotation":{"angle":-22.5,"axis":"y","origin":[26.5,3.75,12.5]},"faces":{"north":{"uv":[4.875,10.125,5.125,10.625],"texture":"#0"},"east":{"uv":[4.875,10.125,5.125,10.625],"texture":"#0"},"south":{"uv":[4.875,10.125,5.125,10.625],"texture":"#0"},"west":{"uv":[4.875,10.125,5.125,10.625],"texture":"#0"},"up":{"uv":[5.125,10.875,4.875,10.625],"texture":"#0"}}},{"from":[-8,9,11.5],"to":[-5,12,13.5],"rotation":{"angle":-22.5,"axis":"y","origin":[-6.5,11.75,12.5]},"faces":{"north":{"uv":[3.625,10.125,4.375,10.875],"texture":"#0"},"east":{"uv":[4.375,10.125,4.875,10.875],"texture":"#0"},"south":{"uv":[3.625,10.125,4.375,10.875],"texture":"#0"},"west":{"uv":[4.375,10.125,4.875,10.875],"texture":"#0"},"up":{"uv":[5.875,10.625,5.125,10.125],"texture":"#0"},"down":{"uv":[5.875,10.125,5.125,10.625],"texture":"#0"}}},{"from":[-7,12,12],"to":[-6,14,13],"rotation":{"angle":-22.5,"axis":"y","origin":[-6.5,11.75,12.5]},"faces":{"north":{"uv":[4.875,10.125,5.125,10.625],"texture":"#0"},"east":{"uv":[4.875,10.125,5.125,10.625],"texture":"#0"},"south":{"uv":[4.875,10.125,5.125,10.625],"texture":"#0"},"west":{"uv":[4.875,10.125,5.125,10.625],"texture":"#0"},"up":{"uv":[5.125,10.875,4.875,10.625],"texture":"#0"}}},{"from":[19,9,11.5],"to":[22,12,13.5],"rotation":{"angle":-22.5,"axis":"y","origin":[20.5,11.75,12.5]},"faces":{"north":{"uv":[3.625,10.125,4.375,10.875],"texture":"#0"},"east":{"uv":[4.375,10.125,4.875,10.875],"texture":"#0"},"south":{"uv":[3.625,10.125,4.375,10.875],"texture":"#0"},"west":{"uv":[4.375,10.125,4.875,10.875],"texture":"#0"},"up":{"uv":[5.875,10.625,5.125,10.125],"texture":"#0"},"down":{"uv":[5.875,10.125,5.125,10.625],"texture":"#0"}}},{"from":[20,12,12],"to":[21,14,13],"rotation":{"angle":-22.5,"axis":"y","origin":[20.5,11.75,12.5]},"faces":{"north":{"uv":[4.875,10.125,5.125,10.625],"texture":"#0"},"east":{"uv":[4.875,10.125,5.125,10.625],"texture":"#0"},"south":{"uv":[4.875,10.125,5.125,10.625],"texture":"#0"},"west":{"uv":[4.875,10.125,5.125,10.625],"texture":"#0"},"up":{"uv":[5.125,10.875,4.875,10.625],"texture":"#0"}}}],"gui_light":"front","display":{"thirdperson_righthand":{"rotation":[67.5,0,0],"translation":[0,1.75,0],"scale":[0.2,0.2,0.2]},"thirdperson_lefthand":{"rotation":[67.5,0,0],"translation":[0,1.75,0],"scale":[0.2,0.2,0.2]},"firstperson_righthand":{"translation":[2.25,3.25,0],"scale":[0.33148,0.33148,0.33148]},"firstperson_lefthand":{"translation":[2.25,3.25,0],"scale":[0.33148,0.33148,0.33148]},"ground":{"translation":[0,3.5,-2.25],"scale":[0.4043,0.4043,0.4043]},"gui":{"rotation":[30,-142,0],"translation":[1,-0.75,0],"scale":[0.31297,0.31297,0.31297]},"head":{"translation":[0,-30.25,0],"scale":[0,0,0]},"fixed":{"translation":[-32,0,-16],"scale":[2,2,2]}}}