{"credit":"MadewithBlockbench","texture_size":[64,64],"textures":{"0":"elitecreatures:nightclub_furniture_v1/nightclub_ball_discotect","particle":"elitecreatures:nightclub_furniture_v1/nightclub_ball_discotect"},"elements":[{"from":[7,16,7],"to":[9,32,9],"faces":{"north":{"uv":[0,4,0.5,8],"texture":"#0"},"east":{"uv":[0,4,0.5,8],"texture":"#0"},"south":{"uv":[0,4,0.5,8],"texture":"#0"},"west":{"uv":[0,4,0.5,8],"texture":"#0"},"up":{"uv":[1,4.5,0.5,4],"texture":"#0"}}},{"from":[0,0,0],"to":[16,16,16],"faces":{"north":{"uv":[0,0,4,4],"texture":"#0"},"east":{"uv":[0,0,4,4],"texture":"#0"},"south":{"uv":[0,0,4,4],"texture":"#0"},"west":{"uv":[0,0,4,4],"texture":"#0"},"up":{"uv":[8,4,4,0],"texture":"#0"},"down":{"uv":[8,4,4,0],"texture":"#0"}}}],"gui_light":"front","display":{"thirdperson_righthand":{"rotation":[67.5,0,0],"translation":[0,1.75,-0.5],"scale":[0.25117,0.25117,0.25117]},"thirdperson_lefthand":{"rotation":[67.5,0,0],"translation":[0,1.75,-0.5],"scale":[0.25117,0.25117,0.25117]},"firstperson_righthand":{"translation":[0,3,1],"scale":[0.35906,0.35906,0.35906]},"firstperson_lefthand":{"translation":[0,3,1],"scale":[0.35906,0.35906,0.35906]},"ground":{"translation":[0,5.25,0],"scale":[0.37695,0.37695,0.37695]},"gui":{"rotation":[30,225,0],"translation":[0,-2,0],"scale":[0.40547,0.40547,0.40547]},"head":{"rotation":[0,180,0],"translation":[0,-33,0],"scale":[0,0,0]},"fixed":{"rotation":[90,180,0],"translation":[0,0,-48],"scale":[2,2,2]}}}