{"credit":"MadewithBlockbench","texture_size":[32,32],"textures":{"0":"elitecreatures:nightclub_furniture_v1/nightclub_chair_2","particle":"elitecreatures:nightclub_furniture_v1/nightclub_chair_2"},"elements":[{"from":[3,8,3],"to":[13,10,13],"faces":{"north":{"uv":[5,0,10,1],"texture":"#0"},"east":{"uv":[5,0,10,1],"texture":"#0"},"south":{"uv":[5,0,10,1],"texture":"#0"},"west":{"uv":[5,0,10,1],"texture":"#0"},"up":{"uv":[5,5,0,0],"texture":"#0"},"down":{"uv":[5,5,0,10],"texture":"#0"}}},{"from":[6,0,6],"to":[10,1,10],"faces":{"north":{"uv":[5,5,7,5.5],"texture":"#0"},"east":{"uv":[5,5,7,5.5],"texture":"#0"},"south":{"uv":[5,5,7,5.5],"texture":"#0"},"west":{"uv":[5,5,7,5.5],"texture":"#0"},"up":{"uv":[7,3,5,1],"texture":"#0"},"down":{"uv":[7,1,5,3],"texture":"#0"}}},{"from":[7,1,7],"to":[9,8,9],"faces":{"north":{"uv":[7,1,8,4.5],"texture":"#0"},"east":{"uv":[7,1,8,4.5],"texture":"#0"},"south":{"uv":[7,1,8,4.5],"texture":"#0"},"west":{"uv":[7,1,8,4.5],"texture":"#0"},"up":{"uv":[6,5,5,4],"texture":"#0"},"down":{"uv":[6,4,5,5],"texture":"#0"}}}],"gui_light":"front","display":{"thirdperson_righthand":{"rotation":[67.5,0,0],"translation":[0,1,1.75],"scale":[0.40547,0.40547,0.40547]},"thirdperson_lefthand":{"rotation":[67.5,0,0],"translation":[0,1,1.75],"scale":[0.40547,0.40547,0.40547]},"firstperson_righthand":{"translation":[1.13,3.2,1.13],"scale":[0.60383,0.60383,0.60383]},"firstperson_lefthand":{"translation":[1.13,3.2,1.13],"scale":[0.60383,0.60383,0.60383]},"ground":{"translation":[0,4.25,0],"scale":[0.67,0.67,0.67]},"gui":{"rotation":[30,225,0],"translation":[0,0.75,0],"scale":[0.78,0.78,0.78]},"head":{"translation":[0,-29,0],"scale":[0,0,0]},"fixed":{"rotation":[-90,0,0],"translation":[0,-0.25,-16],"scale":[2,2,2]}}}