{"credit":"MadewithBlockbench","texture_size":[64,64],"textures":{"0":"elitecreatures:nightclub_furniture_v1/nightclub_chair","particle":"elitecreatures:nightclub_furniture_v1/nightclub_chair"},"elements":[{"from":[6,0,6],"to":[10,1,10],"faces":{"north":{"uv":[4.5,1.25,5.5,1.5],"texture":"#0"},"east":{"uv":[4.5,1.25,5.5,1.5],"texture":"#0"},"south":{"uv":[4.5,1.25,5.5,1.5],"texture":"#0"},"west":{"uv":[4.5,1.25,5.5,1.5],"texture":"#0"},"up":{"uv":[5.5,1.25,4.5,0.25],"texture":"#0"},"down":{"uv":[5.5,0.25,4.5,1.25],"texture":"#0"}}},{"from":[7,1,7],"to":[9,14,9],"faces":{"north":{"uv":[4,0,4.5,3.25],"texture":"#0"},"east":{"uv":[4,0,4.5,3.25],"texture":"#0"},"south":{"uv":[4,0,4.5,3.25],"texture":"#0"},"west":{"uv":[4,0,4.5,3.25],"texture":"#0"}}},{"from":[0,14,0],"to":[16,15,16],"faces":{"north":{"uv":[4.5,0,8.5,0.25],"texture":"#0"},"east":{"uv":[4.5,0,8.5,0.25],"texture":"#0"},"south":{"uv":[4.5,0,8.5,0.25],"texture":"#0"},"west":{"uv":[4.5,0,8.5,0.25],"texture":"#0"},"up":{"uv":[4,4,0,0],"texture":"#0"},"down":{"uv":[4,4,0,8],"texture":"#0"}}}],"gui_light":"front","display":{"thirdperson_righthand":{"rotation":[67.5,0,0],"translation":[0,0.5,0.75],"scale":[0.27266,0.27266,0.27266]},"thirdperson_lefthand":{"rotation":[67.5,0,0],"translation":[0,0.5,0.75],"scale":[0.27266,0.27266,0.27266]},"firstperson_righthand":{"translation":[1.13,1.7,1.13],"scale":[0.45148,0.45148,0.45148]},"firstperson_lefthand":{"translation":[1.13,1.7,1.13],"scale":[0.45148,0.45148,0.45148]},"ground":{"translation":[0,2,0],"scale":[0.5,0.5,0.5]},"gui":{"rotation":[30,225,0],"translation":[0,-1.5,0],"scale":[0.60742,0.60742,0.60742]},"head":{"translation":[0,-30.5,0],"scale":[0,0,0]},"fixed":{"rotation":[-90,0,0],"translation":[0,0,-18.25],"scale":[2.30274,2.30274,2.30274]}}}