{"credit":"MadewithBlockbench","texture_size":[64,64],"textures":{"0":"elitecreatures:nightclub_furniture_v1/nightclub_fridge_1","particle":"elitecreatures:nightclub_furniture_v1/nightclub_fridge_1"},"elements":[{"from":[-16,0,0],"to":[16,16,16],"faces":{"north":{"uv":[0,0,8,4],"texture":"#0"},"east":{"uv":[8,4,12,8],"texture":"#0"},"south":{"uv":[8,0,16,4],"texture":"#0"},"west":{"uv":[8,4,12,8],"texture":"#0"},"up":{"uv":[8,12,0,8],"texture":"#0"},"down":{"uv":[8,4,0,8],"texture":"#0"}}}],"gui_light":"front","display":{"thirdperson_righthand":{"rotation":[67.5,0,0],"translation":[1.5,1.5,0.5],"scale":[0.18281,0.18281,0.18281]},"thirdperson_lefthand":{"rotation":[67.5,0,0],"translation":[-1.5,1.5,0.5],"scale":[0.18281,0.18281,0.18281]},"firstperson_righthand":{"translation":[2.63,2.95,1.13],"scale":[0.29133,0.29133,0.29133]},"firstperson_lefthand":{"translation":[-0.87,2.95,1.13],"scale":[0.29133,0.29133,0.29133]},"ground":{"translation":[4.25,4.5,0],"scale":[0.3457,0.3457,0.3457]},"gui":{"rotation":[30,225,0],"translation":[-2.25,-1.5,0],"scale":[0.39453,0.39453,0.39453]},"head":{"translation":[12.75,-30.5,0],"scale":[0,0,0]},"fixed":{"rotation":[-90,-180,0],"translation":[-32,0,-16],"scale":[2,2,2]}}}