{"credit":"MadewithBlockbench","texture_size":[256,256],"textures":{"0":"elitecreatures:gym_decoration_v1/gym_bed","particle":"elitecreatures:gym_decoration_v1/gym_bed"},"elements":[{"from":[-16,0,-16],"to":[16,6,32],"faces":{"north":{"uv":[2,0.375,4,0.75],"texture":"#0"},"east":{"uv":[2,0,5,0.375],"texture":"#0"},"south":{"uv":[2,0.375,4,0.75],"texture":"#0"},"west":{"uv":[2,0,5,0.375],"texture":"#0"},"up":{"uv":[2,3,0,0],"texture":"#0"},"down":{"uv":[2,0,0,3],"texture":"#0"}}},{"from":[-15,6,-15],"to":[15,9,31],"rotation":{"angle":-22.5,"axis":"y","origin":[0,7.5,8]},"faces":{"north":{"uv":[2,0.9375,3.875,1.125],"texture":"#0"},"east":{"uv":[2,0.75,4.875,0.9375],"texture":"#0"},"south":{"uv":[2,0.9375,3.875,1.125],"texture":"#0"},"west":{"uv":[2,0.75,4.875,0.9375],"texture":"#0"},"up":{"uv":[1.875,5.875,0,3],"texture":"#0"},"down":{"uv":[1.875,3,0,5.875],"texture":"#0"}}},{"from":[-15,9,-15],"to":[15,12,31],"rotation":{"angle":0,"axis":"y","origin":[0,7.5,8]},"faces":{"north":{"uv":[2,0.9375,3.875,1.125],"texture":"#0"},"east":{"uv":[2,0.75,4.875,0.9375],"texture":"#0"},"south":{"uv":[2,0.9375,3.875,1.125],"texture":"#0"},"west":{"uv":[2,0.75,4.875,0.9375],"texture":"#0"},"up":{"uv":[1.875,5.875,0,3],"texture":"#0"},"down":{"uv":[1.875,3,0,5.875],"texture":"#0"}}}],"gui_light":"front","display":{"thirdperson_righthand":{"rotation":[67.5,90,0],"translation":[0,2,1],"scale":[0.10953,0.10953,0.10953]},"thirdperson_lefthand":{"rotation":[67.5,-90,0],"translation":[0,2,1],"scale":[0.10953,0.10953,0.10953]},"firstperson_righthand":{"translation":[0.75,3,0],"scale":[0.24,0.24,0.24]},"firstperson_lefthand":{"translation":[-1.75,3,0],"scale":[0.24,0.24,0.24]},"ground":{"translation":[1.75,-1.25,0],"scale":[0.16,0.16,0.16]},"gui":{"rotation":[34,-49,0],"translation":[1.25,-0.25,0],"scale":[0.25687,0.25687,0.25687]},"head":{"translation":[0,3,14.75],"scale":[0,0,0]},"fixed":{"rotation":[-90,0,0],"translation":[0.25,0,-16],"scale":[2,2,2]}}}