{"credit":"MadewithBlockbench","texture_size":[64,64],"textures":{"0":"elitecreatures:gym_decoration_v1/gym_machine_3","particle":"elitecreatures:gym_decoration_v1/gym_machine_3"},"elements":[{"from":[4,0,4],"to":[12,2,12],"faces":{"north":{"uv":[1,3,3,3.5],"texture":"#0"},"east":{"uv":[1,3,3,3.5],"texture":"#0"},"south":{"uv":[1,3,3,3.5],"texture":"#0"},"west":{"uv":[1,3,3,3.5],"texture":"#0"},"up":{"uv":[3,3,1,1],"texture":"#0"},"down":{"uv":[3,1,1,3],"texture":"#0"}}},{"from":[6,2,6],"to":[10,32,10],"faces":{"north":{"uv":[0,7.5,1,15],"texture":"#0"},"east":{"uv":[0,0,1,7.5],"texture":"#0"},"south":{"uv":[0,7.5,1,15],"texture":"#0"},"west":{"uv":[0,0,1,7.5],"texture":"#0"},"up":{"uv":[2,1,1,0],"texture":"#0"},"down":{"uv":[2,0,1,1],"texture":"#0"}}},{"from":[3,24.75,7],"to":[6,26.75,9],"rotation":{"angle":0,"axis":"y","origin":[19,-0.25,0]},"faces":{"north":{"uv":[2,0,2.75,0.5],"texture":"#0"},"south":{"uv":[2.75,0,2,0.5],"texture":"#0"},"up":{"uv":[2.75,0.5,2,0],"texture":"#0"},"down":{"uv":[2.75,0,2,0.5],"texture":"#0"}}},{"from":[0.43934,23.27513,7],"to":[4.43934,25.27513,9],"rotation":{"angle":45,"axis":"z","origin":[1.93934,24.27513,8]},"faces":{"north":{"uv":[3,0.5,2,1],"texture":"#0"},"south":{"uv":[3,0.5,2,1],"texture":"#0"},"up":{"uv":[2,1,3,0.5],"texture":"#0"},"down":{"uv":[2,0.5,3,1],"texture":"#0"}}},{"from":[0.17157,6.92157,7],"to":[2.17157,23.92157,9],"rotation":{"angle":0,"axis":"y","origin":[1.17157,21.92157,8]},"faces":{"north":{"uv":[1.5,3.5,1,7.75],"texture":"#0"},"east":{"uv":[1.5,3.5,1,7.75],"texture":"#0"},"south":{"uv":[1.5,3.5,1,7.75],"texture":"#0"},"west":{"uv":[1.5,3.5,1,7.75],"texture":"#0"}}},{"from":[-12,5,7],"to":[6,7,9],"rotation":{"angle":0,"axis":"y","origin":[16,-0.25,0]},"faces":{"north":{"uv":[7.25,0,2.75,0.5],"texture":"#0"},"south":{"uv":[7.25,0,2.75,0.5],"texture":"#0"},"up":{"uv":[2.75,0.5,7.25,0],"texture":"#0"},"down":{"uv":[2.75,0,7.25,0.5],"texture":"#0"}}},{"from":[-10,6.75,5],"to":[-3,7.75,11],"rotation":{"angle":0,"axis":"y","origin":[16,-0.25,0]},"faces":{"north":{"uv":[4.75,2,3,2.25],"texture":"#0"},"east":{"uv":[4.5,2.25,3,2.5],"texture":"#0"},"south":{"uv":[4.75,2,3,2.25],"texture":"#0"},"west":{"uv":[4.5,2.25,3,2.5],"texture":"#0"},"up":{"uv":[3,2,4.75,0.5],"texture":"#0"},"down":{"uv":[3,0.5,4.75,2],"texture":"#0"}}},{"from":[-14,5,7],"to":[-12,17,9],"rotation":{"angle":0,"axis":"y","origin":[16,-0.25,0]},"faces":{"north":{"uv":[2,3.5,1.5,6.5],"texture":"#0"},"east":{"uv":[2,3.5,1.5,6.5],"texture":"#0"},"south":{"uv":[2,3.5,1.5,6.5],"texture":"#0"},"west":{"uv":[2,3.5,1.5,6.5],"texture":"#0"},"up":{"uv":[2.25,4,2.75,3.5],"texture":"#0"},"down":{"uv":[2.25,3.5,2.75,4],"texture":"#0"}}},{"from":[-12,11.75,5],"to":[-11,17.75,11],"rotation":{"angle":0,"axis":"y","origin":[16,-0.25,0]},"faces":{"north":{"uv":[2.25,3.5,2,5],"texture":"#0"},"east":{"uv":[4.5,2.5,3,4],"texture":"#0"},"south":{"uv":[2.25,3.5,2,5],"texture":"#0"},"west":{"uv":[4.5,2.5,3,4],"texture":"#0"},"up":{"uv":[2,5,2.25,3.5],"texture":"#0"},"down":{"uv":[2,3.5,2.25,5],"texture":"#0"}}},{"from":[10,24.75,7],"to":[13,26.75,9],"rotation":{"angle":0,"axis":"y","origin":[-3,-0.25,0]},"faces":{"north":{"uv":[2.75,0,2,0.5],"texture":"#0"},"south":{"uv":[2,0,2.75,0.5],"texture":"#0"},"up":{"uv":[2,0.5,2.75,0],"texture":"#0"},"down":{"uv":[2,0,2.75,0.5],"texture":"#0"}}},{"from":[11.56066,23.27513,7],"to":[15.56066,25.27513,9],"rotation":{"angle":-45,"axis":"z","origin":[14.06066,24.27513,8]},"faces":{"north":{"uv":[2,0.5,3,1],"texture":"#0"},"south":{"uv":[2,0.5,3,1],"texture":"#0"},"up":{"uv":[3,1,2,0.5],"texture":"#0"},"down":{"uv":[3,0.5,2,1],"texture":"#0"}}},{"from":[13.82843,6.92157,7],"to":[15.82843,23.92157,9],"rotation":{"angle":0,"axis":"y","origin":[14.82843,21.92157,8]},"faces":{"north":{"uv":[1,3.5,1.5,7.75],"texture":"#0"},"east":{"uv":[1,3.5,1.5,7.75],"texture":"#0"},"south":{"uv":[1,3.5,1.5,7.75],"texture":"#0"},"west":{"uv":[1,3.5,1.5,7.75],"texture":"#0"}}},{"from":[10,5,7],"to":[28,7,9],"rotation":{"angle":0,"axis":"y","origin":[0,-0.25,0]},"faces":{"north":{"uv":[2.75,0,7.25,0.5],"texture":"#0"},"south":{"uv":[2.75,0,7.25,0.5],"texture":"#0"},"up":{"uv":[7.25,0.5,2.75,0],"texture":"#0"},"down":{"uv":[7.25,0,2.75,0.5],"texture":"#0"}}},{"from":[19,6.75,5],"to":[26,7.75,11],"rotation":{"angle":0,"axis":"y","origin":[0,-0.25,0]},"faces":{"north":{"uv":[3,2,4.75,2.25],"texture":"#0"},"east":{"uv":[3,2.25,4.5,2.5],"texture":"#0"},"south":{"uv":[3,2,4.75,2.25],"texture":"#0"},"west":{"uv":[3,2.25,4.5,2.5],"texture":"#0"},"up":{"uv":[4.75,2,3,0.5],"texture":"#0"},"down":{"uv":[4.75,0.5,3,2],"texture":"#0"}}},{"from":[28,5,7],"to":[30,17,9],"rotation":{"angle":0,"axis":"y","origin":[0,-0.25,0]},"faces":{"north":{"uv":[1.5,3.5,2,6.5],"texture":"#0"},"east":{"uv":[1.5,3.5,2,6.5],"texture":"#0"},"south":{"uv":[1.5,3.5,2,6.5],"texture":"#0"},"west":{"uv":[1.5,3.5,2,6.5],"texture":"#0"},"up":{"uv":[2.75,4,2.25,3.5],"texture":"#0"},"down":{"uv":[2.75,3.5,2.25,4],"texture":"#0"}}},{"from":[27,11.75,5],"to":[28,17.75,11],"rotation":{"angle":0,"axis":"y","origin":[0,-0.25,0]},"faces":{"north":{"uv":[2,3.5,2.25,5],"texture":"#0"},"east":{"uv":[3,2.5,4.5,4],"texture":"#0"},"south":{"uv":[2,3.5,2.25,5],"texture":"#0"},"west":{"uv":[3,2.5,4.5,4],"texture":"#0"},"up":{"uv":[2.25,5,2,3.5],"texture":"#0"},"down":{"uv":[2.25,3.5,2,5],"texture":"#0"}}}],"gui_light":"front","display":{"thirdperson_righthand":{"rotation":[67.5,0,0],"scale":[0.20367,0.20367,0.20367]},"thirdperson_lefthand":{"rotation":[67.5,0,0],"scale":[0.20367,0.20367,0.20367]},"firstperson_righthand":{"rotation":[0,90,0],"translation":[0.25,3.25,0],"scale":[0.41656,0.41656,0.41656]},"firstperson_lefthand":{"rotation":[0,90,0],"translation":[0.25,3.25,0],"scale":[0.41656,0.41656,0.41656]},"ground":{"translation":[0,1,0],"scale":[0.33,0.33,0.33]},"gui":{"rotation":[28,148,0],"translation":[0,-2.5,0],"scale":[0.39086,0.39086,0.39086]},"head":{"translation":[0,3,14.75],"scale":[0,0,0]},"fixed":{"rotation":[-90,0,0],"translation":[0,0,-24],"scale":[3,3,3]}}}