{"credit":"MadewithBlockbench","texture_size":[64,64],"textures":{"0":"elitecreatures:gym_decoration_v1/gym_machine_9","particle":"elitecreatures:gym_decoration_v1/gym_machine_9"},"elements":[{"from":[7,19.98528,16.62132],"to":[9,21.98528,24.14645],"rotation":{"angle":45,"axis":"x","origin":[8,13.5,12.5]},"faces":{"north":{"uv":[4,5.25,4.5,5.75],"texture":"#0"},"east":{"uv":[4,6.75,5.875,7.25],"texture":"#0"},"west":{"uv":[4,6.75,5.875,7.25],"texture":"#0"},"up":{"uv":[6.25,4.875,5.75,3],"texture":"#0"},"down":{"uv":[6.25,3,5.75,4.875],"texture":"#0"}}},{"from":[7,0,-4],"to":[9,2,2],"rotation":{"angle":0,"axis":"y","origin":[8,4.5,10.5]},"faces":{"east":{"uv":[8,1.25,9.5,1.75],"texture":"#0"},"west":{"uv":[8,1.25,9.5,1.75],"texture":"#0"},"up":{"uv":[8,4.5,7.5,3],"texture":"#0"},"down":{"uv":[8,3,7.5,4.5],"texture":"#0"}}},{"from":[1,0,-6],"to":[15,2,-4],"rotation":{"angle":0,"axis":"y","origin":[8,4.5,9.5]},"faces":{"north":{"uv":[4,2,7.5,2.5],"texture":"#0"},"south":{"uv":[4,2,7.5,2.5],"texture":"#0"},"up":{"uv":[7.5,2.5,4,2],"texture":"#0"},"down":{"uv":[7.5,2,4,2.5],"texture":"#0"}}},{"from":[1,0,24],"to":[15,2,26],"rotation":{"angle":0,"axis":"y","origin":[8,4.5,10.5]},"faces":{"north":{"uv":[4,2.5,7.5,3],"texture":"#0"},"east":{"uv":[5.75,1.5,6.25,2],"texture":"#0"},"south":{"uv":[4,2.5,7.5,3],"texture":"#0"},"west":{"uv":[5.75,1.5,6.25,2],"texture":"#0"},"up":{"uv":[7.5,3,4,2.5],"texture":"#0"},"down":{"uv":[7.5,2.5,4,3],"texture":"#0"}}},{"from":[7,0,2],"to":[9,7,4],"rotation":{"angle":0,"axis":"y","origin":[8,4.5,10.5]},"faces":{"north":{"uv":[7.5,1.25,8,3],"texture":"#0"},"east":{"uv":[7.5,1.25,8,3],"texture":"#0"},"south":{"uv":[7.5,1.25,8,3],"texture":"#0"},"west":{"uv":[7.5,1.25,8,3],"texture":"#0"},"down":{"uv":[7.5,1.5,7,2],"texture":"#0"}}},{"from":[7,7,-7],"to":[9,9,18],"rotation":{"angle":0,"axis":"y","origin":[8,4.5,10.5]},"faces":{"north":{"uv":[10.25,0,10.75,0.5],"texture":"#0"},"east":{"uv":[7,0.75,13.25,1.25],"texture":"#0"},"west":{"uv":[13.25,0.75,7,1.25],"texture":"#0"},"up":{"uv":[4,7.75,3.5,1.5],"texture":"#0"},"down":{"uv":[4,1.5,3.5,7.75],"texture":"#0"}}},{"from":[7,10.98528,12.62132],"to":[9,12.98528,23.14645],"rotation":{"angle":45,"axis":"x","origin":[8,4.5,10.5]},"faces":{"east":{"uv":[4,7.25,6.625,7.75],"texture":"#0"},"west":{"uv":[6.625,7.25,4,7.75],"texture":"#0"},"up":{"uv":[5.5,6.375,5,3.75],"texture":"#0"},"down":{"uv":[5.5,3.75,5,6.375],"texture":"#0"}}},{"from":[1,13.25,-4],"to":[15,16.25,23],"rotation":{"angle":-22.5,"axis":"x","origin":[8,14.75,7.5]},"faces":{"north":{"uv":[3.5,0.75,7,1.5],"texture":"#0"},"east":{"uv":[3.5,0,10.25,0.75],"texture":"#0"},"south":{"uv":[3.5,0.75,7,1.5],"texture":"#0"},"west":{"uv":[3.5,0,10.25,0.75],"texture":"#0"},"up":{"uv":[3.5,6.75,0,0],"texture":"#0"},"down":{"uv":[3.5,0,0,6.75],"texture":"#0"}}},{"from":[1,9,-12],"to":[15,11,-5],"rotation":{"angle":0,"axis":"y","origin":[14,10,-6]},"faces":{"north":{"uv":[3.5,7.75,7,8.25],"texture":"#0"},"east":{"uv":[4,1.5,5.75,2],"texture":"#0"},"south":{"uv":[3.5,7.75,7,8.25],"texture":"#0"},"west":{"uv":[4,1.5,5.75,2],"texture":"#0"},"up":{"uv":[3.5,8.5,0,6.75],"texture":"#0"},"down":{"uv":[3.5,6.75,0,8.5],"texture":"#0"}}},{"from":[7,7.30914,9.73744],"to":[9,17.83426,11.73744],"rotation":{"angle":22.5,"axis":"x","origin":[8,12.5717,10.73744]},"faces":{"north":{"uv":[4.5,3.75,5,6.375],"texture":"#0"},"east":{"uv":[4.5,3.75,5,6.375],"texture":"#0"},"south":{"uv":[4.5,3.75,5,6.375],"texture":"#0"},"west":{"uv":[4.5,3.75,5,6.375],"texture":"#0"}}},{"from":[0,0,-6.5],"to":[4,3,-3.5],"rotation":{"angle":0,"axis":"y","origin":[0,0,-5.5]},"faces":{"north":{"uv":[5.875,6.5,6.875,7.25],"texture":"#0"},"east":{"uv":[6.75,4.875,7.5,5.625],"texture":"#0"},"south":{"uv":[5.875,6.5,6.875,7.25],"texture":"#0"},"west":{"uv":[6.75,4.875,7.5,5.625],"texture":"#0"},"up":{"uv":[6.875,7.25,5.875,6.5],"texture":"#0"},"down":{"uv":[6.875,6.5,5.875,7.25],"texture":"#0"}}},{"from":[12,0,-6.5],"to":[16,3,-3.5],"rotation":{"angle":0,"axis":"y","origin":[12,0,-5.5]},"faces":{"north":{"uv":[4,3,5,3.75],"texture":"#0"},"east":{"uv":[5,3,5.75,3.75],"texture":"#0"},"south":{"uv":[4,3,5,3.75],"texture":"#0"},"west":{"uv":[5,3,5.75,3.75],"texture":"#0"},"up":{"uv":[5,3.75,4,3],"texture":"#0"},"down":{"uv":[5,3,4,3.75],"texture":"#0"}}},{"from":[7,7.05914,20.73744],"to":[9,13.05914,22.73744],"rotation":{"angle":45,"axis":"x","origin":[8,11.3217,21.73744]},"faces":{"north":{"uv":[4,3.75,4.5,5.25],"texture":"#0"},"east":{"uv":[4,3.75,4.5,5.25],"texture":"#0"},"south":{"uv":[4,3.75,4.5,5.25],"texture":"#0"},"west":{"uv":[4,3.75,4.5,5.25],"texture":"#0"}}},{"from":[6,10,26],"to":[10,12,28],"rotation":{"angle":22.5,"axis":"x","origin":[8,13,25]},"faces":{"north":{"uv":[8,1.75,9,2.25],"texture":"#0"},"south":{"uv":[8,1.75,9,2.25],"texture":"#0"},"up":{"uv":[9,2.25,8,1.75],"texture":"#0"},"down":{"uv":[9,1.75,8,2.25],"texture":"#0"}}},{"from":[1,9.5,25.25],"to":[6,12.5,28.25],"rotation":{"angle":22.5,"axis":"x","origin":[8,13,25]},"faces":{"north":{"uv":[6.25,3,7.5,3.75],"texture":"#0"},"east":{"uv":[6.25,3.75,7,4.5],"texture":"#0"},"south":{"uv":[6.25,3,7.5,3.75],"texture":"#0"},"west":{"uv":[6.25,3.75,7,4.5],"texture":"#0"},"up":{"uv":[7.5,3.75,6.25,3],"texture":"#0"},"down":{"uv":[7.5,3,6.25,3.75],"texture":"#0"}}},{"from":[10,9.5,25.25],"to":[15,12.5,28.25],"rotation":{"angle":22.5,"axis":"x","origin":[8,13,25]},"faces":{"north":{"uv":[6.25,5.625,7.5,6.375],"texture":"#0"},"east":{"uv":[5.5,5.625,6.25,6.375],"texture":"#0"},"south":{"uv":[6.25,5.625,7.5,6.375],"texture":"#0"},"west":{"uv":[5.5,5.625,6.25,6.375],"texture":"#0"},"up":{"uv":[6.75,5.625,5.5,4.875],"texture":"#0"},"down":{"uv":[6.75,4.875,5.5,5.625],"texture":"#0"}}},{"from":[10,12.5,19.25],"to":[15,15.5,22.25],"rotation":{"angle":22.5,"axis":"x","origin":[8,13,25]},"faces":{"north":{"uv":[6.25,5.625,7.5,6.375],"texture":"#0"},"east":{"uv":[5.5,5.625,6.25,6.375],"texture":"#0"},"south":{"uv":[6.25,5.625,7.5,6.375],"texture":"#0"},"west":{"uv":[5.5,5.625,6.25,6.375],"texture":"#0"},"up":{"uv":[6.75,5.625,5.5,4.875],"texture":"#0"},"down":{"uv":[6.75,4.875,5.5,5.625],"texture":"#0"}}},{"from":[6,13,20],"to":[10,15,22],"rotation":{"angle":22.5,"axis":"x","origin":[8,13,25]},"faces":{"north":{"uv":[8,1.75,9,2.25],"texture":"#0"},"south":{"uv":[8,1.75,9,2.25],"texture":"#0"},"up":{"uv":[9,2.25,8,1.75],"texture":"#0"},"down":{"uv":[9,1.75,8,2.25],"texture":"#0"}}},{"from":[1,12.5,19.25],"to":[6,15.5,22.25],"rotation":{"angle":22.5,"axis":"x","origin":[8,13,25]},"faces":{"north":{"uv":[6.25,3,7.5,3.75],"texture":"#0"},"east":{"uv":[6.25,3.75,7,4.5],"texture":"#0"},"south":{"uv":[6.25,3,7.5,3.75],"texture":"#0"},"west":{"uv":[6.25,3.75,7,4.5],"texture":"#0"},"up":{"uv":[7.5,3.75,6.25,3],"texture":"#0"},"down":{"uv":[7.5,3,6.25,3.75],"texture":"#0"}}}],"gui_light":"front","display":{"thirdperson_righthand":{"rotation":[67.5,0,0],"translation":[0,3.25,0.75],"scale":[0.19,0.19,0.19]},"thirdperson_lefthand":{"rotation":[67.5,0,0],"translation":[0,3.25,0.75],"scale":[0.19,0.19,0.19]},"firstperson_righthand":{"translation":[-4,0,0],"scale":[0.38141,0.38141,0.38141]},"firstperson_lefthand":{"translation":[-4,0,0],"scale":[0.38141,0.38141,0.38141]},"ground":{"translation":[0,1,0],"scale":[0.33,0.33,0.33]},"gui":{"rotation":[28,148,0],"translation":[0,-1,0],"scale":[0.4182,0.4182,0.4182]},"head":{"translation":[0,3,14.75],"scale":[0,0,0]},"fixed":{"rotation":[-90,0,0],"translation":[0,23,-20],"scale":[2.5,2.5,2.5]}}}