{"credit":"MadewithBlockbench","texture_size":[32,32],"textures":{"0":"elitecreatures:gym_decoration_v1/gym_stand_dumbbell","particle":"elitecreatures:gym_decoration_v1/gym_stand_dumbbell"},"elements":[{"from":[3,5,7],"to":[14,6,8],"faces":{"north":{"uv":[1.5,5.5,7,5],"texture":"#0"},"east":{"uv":[1,5,1.5,5.5],"texture":"#0"},"south":{"uv":[7,5.5,1.5,5],"texture":"#0"},"west":{"uv":[1,5,1.5,5.5],"texture":"#0"},"up":{"uv":[7,5.5,1.5,5],"texture":"#0"},"down":{"uv":[7,5,1.5,5.5],"texture":"#0"}}},{"from":[10,3,5],"to":[11,8,10],"faces":{"north":{"uv":[4,2.5,4.5,5],"texture":"#0"},"east":{"uv":[4.5,2.5,7,5],"texture":"#0"},"south":{"uv":[4,2.5,4.5,5],"texture":"#0"},"west":{"uv":[4.5,2.5,7,5],"texture":"#0"},"up":{"uv":[4.5,5,4,2.5],"texture":"#0"},"down":{"uv":[4.5,2.5,4,5],"texture":"#0"}}},{"from":[6,3,5],"to":[7,8,10],"rotation":{"angle":0,"axis":"y","origin":[16,0,0]},"faces":{"north":{"uv":[4.5,2.5,4,5],"texture":"#0"},"east":{"uv":[7,2.5,4.5,5],"texture":"#0"},"south":{"uv":[4.5,2.5,4,5],"texture":"#0"},"west":{"uv":[7,2.5,4.5,5],"texture":"#0"},"up":{"uv":[4,5,4.5,2.5],"texture":"#0"},"down":{"uv":[4,2.5,4.5,5],"texture":"#0"}}},{"from":[3,10,7],"to":[14,11,8],"faces":{"north":{"uv":[1.5,5.5,7,5],"texture":"#0"},"east":{"uv":[1,5,1.5,5.5],"texture":"#0"},"south":{"uv":[7,5.5,1.5,5],"texture":"#0"},"west":{"uv":[1,5,1.5,5.5],"texture":"#0"},"up":{"uv":[7,5.5,1.5,5],"texture":"#0"},"down":{"uv":[7,5,1.5,5.5],"texture":"#0"}}},{"from":[10,9,6],"to":[11,12,9],"faces":{"north":{"uv":[3.5,3.5,4,5],"texture":"#0"},"east":{"uv":[2,3.5,3.5,5],"texture":"#0"},"south":{"uv":[3.5,3.5,4,5],"texture":"#0"},"west":{"uv":[2,3.5,3.5,5],"texture":"#0"},"up":{"uv":[4,5,3.5,3.5],"texture":"#0"},"down":{"uv":[4,3.5,3.5,5],"texture":"#0"}}},{"from":[6,9,6],"to":[7,12,9],"rotation":{"angle":0,"axis":"y","origin":[16,0,0]},"faces":{"north":{"uv":[4,3.5,3.5,5],"texture":"#0"},"east":{"uv":[3.5,3.5,2,5],"texture":"#0"},"south":{"uv":[4,3.5,3.5,5],"texture":"#0"},"west":{"uv":[3.5,3.5,2,5],"texture":"#0"},"up":{"uv":[3.5,5,4,3.5],"texture":"#0"},"down":{"uv":[3.5,3.5,4,5],"texture":"#0"}}},{"from":[8,1,6.5],"to":[9,14,8.5],"faces":{"north":{"uv":[7.5,0,8,6.5],"texture":"#0"},"east":{"uv":[0,0,1,6.5],"texture":"#0"},"south":{"uv":[7.5,0,8,6.5],"texture":"#0"},"west":{"uv":[0,0,1,6.5],"texture":"#0"},"up":{"uv":[4,3.5,3.5,2.5],"texture":"#0"},"down":{"uv":[4,2.5,3.5,3.5],"texture":"#0"}}},{"from":[3,0,7],"to":[14,1,8],"faces":{"north":{"uv":[1.5,5.5,7,6],"texture":"#0"},"east":{"uv":[1,5.5,1.5,6],"texture":"#0"},"south":{"uv":[1.5,5.5,7,6],"texture":"#0"},"west":{"uv":[1,5.5,1.5,6],"texture":"#0"},"up":{"uv":[7,6,1.5,5.5],"texture":"#0"},"down":{"uv":[7,5.5,1.5,6],"texture":"#0"}}},{"from":[8,0,2],"to":[9,1,13],"faces":{"north":{"uv":[1.5,4.5,2,5],"texture":"#0"},"east":{"uv":[2,6,7.5,6.5],"texture":"#0"},"south":{"uv":[1.5,4.5,2,5],"texture":"#0"},"west":{"uv":[2,6,7.5,6.5],"texture":"#0"},"up":{"uv":[7.5,6,7,0.5],"texture":"#0"},"down":{"uv":[7.5,0.5,7,6],"texture":"#0"}}}],"gui_light":"front","display":{"thirdperson_righthand":{"rotation":[67.5,0,0],"translation":[0,1,2.25],"scale":[0.40563,0.40563,0.40563]},"thirdperson_lefthand":{"rotation":[67.5,0,0],"translation":[0,1,2.25],"scale":[0.40563,0.40563,0.40563]},"firstperson_righthand":{"translation":[-0.75,4.5,0],"scale":[0.82289,0.82289,0.82289]},"firstperson_lefthand":{"translation":[-0.75,4.5,0],"scale":[0.82289,0.82289,0.82289]},"ground":{"translation":[0,2.75,0],"scale":[0.73,0.73,0.73]},"gui":{"rotation":[28,148,0],"translation":[0.75,1.75,0],"scale":[0.94781,0.94781,0.94781]},"head":{"translation":[0,3,14.75],"scale":[0,0,0]},"fixed":{"rotation":[-90,0,0],"translation":[-1.25,1.25,-21],"scale":[2.65,2.65,2.65]}}}