{"credit":"MadewithBlockbench","texture_size":[128,128],"textures":{"0":"elitecreatures:coffee_shop_furniture_v1/coffeeshop_texture_01","particle":"elitecreatures:coffee_shop_furniture_v1/coffeeshop_texture_01"},"elements":[{"from":[4,1,4],"to":[12,3,12],"rotation":{"angle":0,"axis":"y","origin":[0,0,-1]},"faces":{"north":{"uv":[8.5625,11.0625,9.5625,11.3125],"texture":"#0"},"east":{"uv":[10.5625,11.0625,11.5625,11.3125],"texture":"#0"},"south":{"uv":[8.5625,11.0625,9.5625,11.3125],"texture":"#0"},"west":{"uv":[10.5625,11.0625,11.5625,11.3125],"texture":"#0"},"up":{"uv":[5.4375,9.6875,6.4375,10.6875],"texture":"#0"},"down":{"uv":[5.4375,9.6875,6.4375,10.6875],"texture":"#0"}}},{"from":[4.5,3,4.5],"to":[11.5,7,11.5],"rotation":{"angle":0,"axis":"y","origin":[0,0,-1]},"faces":{"north":{"uv":[10.1875,10.5625,11.0625,11.0625],"texture":"#0"},"east":{"uv":[10.1875,10.0625,11.0625,10.5625],"texture":"#0"},"south":{"uv":[10.1875,10.0625,11.0625,10.5625],"texture":"#0"},"west":{"uv":[10.1875,10.0625,11.0625,10.5625],"texture":"#0"},"up":{"uv":[11.0625,10.1875,11.9375,11.0625],"texture":"#0"},"down":{"uv":[11.0625,10.1875,11.9375,11.0625],"texture":"#0"}}},{"from":[7,4,3.5],"to":[9,6,4.5],"rotation":{"angle":0,"axis":"y","origin":[0,0,-1]},"faces":{"north":{"uv":[8.5625,11.0625,8.8125,11.3125],"texture":"#0"},"east":{"uv":[10.5625,11.0625,10.6875,11.3125],"texture":"#0"},"south":{"uv":[8.5625,11.0625,8.8125,11.3125],"texture":"#0"},"west":{"uv":[10.5625,11.0625,10.6875,11.3125],"texture":"#0"},"up":{"uv":[5.4375,9.6875,5.6875,9.8125],"texture":"#0"},"down":{"uv":[5.4375,9.6875,5.6875,9.8125],"texture":"#0"}}},{"from":[4.5,18,4.5],"to":[11.5,19.5,11.5],"rotation":{"angle":0,"axis":"y","origin":[0,0,-1]},"faces":{"north":{"uv":[8.5625,11.0625,9.4375,11.25],"texture":"#0"},"east":{"uv":[10.5625,11.0625,11.4375,11.25],"texture":"#0"},"south":{"uv":[8.5625,11.0625,9.4375,11.25],"texture":"#0"},"west":{"uv":[10.5625,11.0625,11.4375,11.25],"texture":"#0"},"up":{"uv":[5.4375,9.6875,6.3125,10.5625],"texture":"#0"},"down":{"uv":[5.4375,9.6875,6.3125,10.5625],"texture":"#0"}}},{"from":[5,19.5,5],"to":[11,21,11],"rotation":{"angle":0,"axis":"y","origin":[0,0,-1]},"faces":{"north":{"uv":[11.0625,10,11.8125,10.1875],"texture":"#0"},"east":{"uv":[11.0625,10,11.8125,10.1875],"texture":"#0"},"south":{"uv":[11.0625,10,11.8125,10.1875],"texture":"#0"},"west":{"uv":[11.0625,10,11.8125,10.1875],"texture":"#0"},"up":{"uv":[10.3125,9.3125,11.0625,10.0625],"texture":"#0"},"down":{"uv":[10.3125,9.3125,11.0625,10.0625],"texture":"#0"}}},{"from":[5.75,6,5.75],"to":[10.25,8.5,10.25],"rotation":{"angle":0,"axis":"y","origin":[0,0,-1]},"faces":{"north":{"uv":[8.5625,11.0625,9.125,11.375],"texture":"#0"},"east":{"uv":[10.5625,11.0625,11.125,11.375],"texture":"#0"},"south":{"uv":[8.5625,11.0625,9.125,11.375],"texture":"#0"},"west":{"uv":[10.5625,11.0625,11.125,11.375],"texture":"#0"},"up":{"uv":[5.4375,9.6875,6,10.25],"texture":"#0"},"down":{"uv":[5.4375,9.6875,6,10.25],"texture":"#0"}}},{"from":[5,12.5,5],"to":[11,12.5,11],"rotation":{"angle":0,"axis":"y","origin":[-3.5,15.75,9]},"faces":{"north":{"uv":[0,0,0.75,0],"rotation":180,"texture":"#0"},"east":{"uv":[0,0,0,0.75],"rotation":90,"texture":"#missing"},"south":{"uv":[0,0,0.75,0],"texture":"#missing"},"west":{"uv":[0,0,0,0.75],"rotation":270,"texture":"#missing"},"up":{"uv":[5.125,6.8125,5.875,7.5625],"rotation":180,"texture":"#0"},"down":{"uv":[5.125,6.8125,5.875,7.5625],"rotation":180,"texture":"#0"}}},{"from":[5,12.5,5],"to":[11,18,5],"rotation":{"angle":0,"axis":"y","origin":[19.5,15.75,-14]},"faces":{"north":{"uv":[5.875,7.5625,5.125,8.25],"texture":"#0"},"east":{"uv":[0,0,0,0.6875],"texture":"#missing"},"south":{"uv":[5.125,7.5625,5.875,8.25],"texture":"#0"},"west":{"uv":[0,0,0,0.6875],"texture":"#missing"},"up":{"uv":[0,0,0.75,0],"rotation":180,"texture":"#missing"},"down":{"uv":[0,0,0.75,0],"rotation":180,"texture":"#missing"}}},{"from":[5,12.5,11],"to":[11,18,11],"rotation":{"angle":0,"axis":"y","origin":[19.5,15.75,30]},"faces":{"north":{"uv":[5.875,7.5625,5.125,8.25],"texture":"#0"},"east":{"uv":[0,0,0,0.6875],"texture":"#missing"},"south":{"uv":[5.125,7.5625,5.875,8.25],"texture":"#0"},"west":{"uv":[0,0,0,0.6875],"texture":"#missing"},"up":{"uv":[0,0,0.75,0],"rotation":180,"texture":"#missing"},"down":{"uv":[0,0,0.75,0],"rotation":180,"texture":"#missing"}}},{"from":[5,12.5,5],"to":[5,18,11],"rotation":{"angle":0,"axis":"y","origin":[8,15.25,8]},"faces":{"north":{"uv":[0,0,0,0.6875],"texture":"#missing"},"east":{"uv":[5.875,7.5625,5.125,8.25],"texture":"#0"},"south":{"uv":[0,0,0,0.6875],"texture":"#missing"},"west":{"uv":[5.125,7.5625,5.875,8.25],"texture":"#0"},"up":{"uv":[0,0,0.75,0],"rotation":270,"texture":"#missing"},"down":{"uv":[0,0,0.75,0],"rotation":90,"texture":"#missing"}}},{"from":[11,12.5,5],"to":[11,18,11],"rotation":{"angle":0,"axis":"y","origin":[8,15.25,8]},"faces":{"north":{"uv":[0,0,0,0.6875],"texture":"#missing"},"east":{"uv":[5.875,7.5625,5.125,8.25],"texture":"#0"},"south":{"uv":[0,0,0,0.6875],"texture":"#missing"},"west":{"uv":[5.125,7.5625,5.875,8.25],"texture":"#0"},"up":{"uv":[0,0,0.75,0],"rotation":270,"texture":"#missing"},"down":{"uv":[0,0,0.75,0],"rotation":90,"texture":"#missing"}}},{"from":[5.5,7,5.5],"to":[10.5,12.5,5.5],"rotation":{"angle":0,"axis":"y","origin":[19.5,15.75,-14]},"faces":{"north":{"uv":[5,6.8125,4.375,7.5],"texture":"#0"},"east":{"uv":[0,0,0,0.6875],"texture":"#missing"},"south":{"uv":[4.375,6.8125,5,7.5],"texture":"#0"},"west":{"uv":[0,0,0,0.6875],"texture":"#missing"},"up":{"uv":[0,0,0.625,0],"rotation":180,"texture":"#missing"},"down":{"uv":[0,0,0.625,0],"rotation":180,"texture":"#missing"}}},{"from":[5.5,7,10.5],"to":[10.5,12.5,10.5],"rotation":{"angle":0,"axis":"y","origin":[19.5,15.75,30]},"faces":{"north":{"uv":[5,6.8125,4.375,7.5],"texture":"#0"},"east":{"uv":[0,0,0,0.6875],"texture":"#missing"},"south":{"uv":[4.375,6.8125,5,7.5],"texture":"#0"},"west":{"uv":[0,0,0,0.6875],"texture":"#missing"},"up":{"uv":[0,0,0.625,0],"rotation":180,"texture":"#missing"},"down":{"uv":[0,0,0.625,0],"rotation":180,"texture":"#missing"}}},{"from":[5.5,7,5.5],"to":[5.5,12.5,10.5],"rotation":{"angle":0,"axis":"y","origin":[3,9.75,8]},"faces":{"north":{"uv":[0,0,0,0.6875],"texture":"#missing"},"east":{"uv":[4.375,6.8125,5,7.5],"texture":"#0"},"south":{"uv":[0,0,0,0.6875],"texture":"#missing"},"west":{"uv":[5,6.8125,4.375,7.5],"texture":"#0"},"up":{"uv":[0,0,0.625,0],"rotation":90,"texture":"#missing"},"down":{"uv":[0,0,0.625,0],"rotation":270,"texture":"#missing"}}},{"from":[10.5,7,5.5],"to":[10.5,12.5,10.5],"rotation":{"angle":0,"axis":"y","origin":[3,9.75,8]},"faces":{"north":{"uv":[0,0,0,0.6875],"texture":"#missing"},"east":{"uv":[4.375,6.8125,5,7.5],"texture":"#0"},"south":{"uv":[0,0,0,0.6875],"texture":"#missing"},"west":{"uv":[5,6.8125,4.375,7.5],"texture":"#0"},"up":{"uv":[0,0,0.625,0],"rotation":90,"texture":"#missing"},"down":{"uv":[0,0,0.625,0],"rotation":270,"texture":"#missing"}}},{"from":[4,0,4],"to":[6,1,6],"rotation":{"angle":0,"axis":"y","origin":[13,-0.5,1.9]},"faces":{"north":{"uv":[1.375,4.625,1.125,4.75],"texture":"#0"},"east":{"uv":[1.375,4.625,1.125,4.75],"texture":"#0"},"south":{"uv":[1.375,4.625,1.125,4.75],"texture":"#0"},"west":{"uv":[1.375,4.625,1.125,4.75],"texture":"#0"},"up":{"uv":[1.375,5,1.125,5.25],"texture":"#0"},"down":{"uv":[1.375,5,1.125,5.25],"texture":"#0"}}},{"from":[4,0,10],"to":[6,1,12],"rotation":{"angle":0,"axis":"y","origin":[13,-0.5,1.9]},"faces":{"north":{"uv":[1.375,4.625,1.125,4.75],"texture":"#0"},"east":{"uv":[1.375,4.625,1.125,4.75],"texture":"#0"},"south":{"uv":[1.375,4.625,1.125,4.75],"texture":"#0"},"west":{"uv":[1.375,4.625,1.125,4.75],"texture":"#0"},"up":{"uv":[1.375,5,1.125,5.25],"texture":"#0"},"down":{"uv":[1.375,5,1.125,5.25],"texture":"#0"}}},{"from":[10,0,10],"to":[12,1,12],"rotation":{"angle":0,"axis":"y","origin":[13,-0.5,1.9]},"faces":{"north":{"uv":[1.375,4.625,1.125,4.75],"texture":"#0"},"east":{"uv":[1.375,4.625,1.125,4.75],"texture":"#0"},"south":{"uv":[1.375,4.625,1.125,4.75],"texture":"#0"},"west":{"uv":[1.375,4.625,1.125,4.75],"texture":"#0"},"up":{"uv":[1.375,5,1.125,5.25],"texture":"#0"},"down":{"uv":[1.375,5,1.125,5.25],"texture":"#0"}}},{"from":[10,0,4],"to":[12,1,6],"rotation":{"angle":0,"axis":"y","origin":[13,-0.5,1.9]},"faces":{"north":{"uv":[1.375,4.625,1.125,4.75],"texture":"#0"},"east":{"uv":[1.375,4.625,1.125,4.75],"texture":"#0"},"south":{"uv":[1.375,4.625,1.125,4.75],"texture":"#0"},"west":{"uv":[1.375,4.625,1.125,4.75],"texture":"#0"},"up":{"uv":[1.375,5,1.125,5.25],"texture":"#0"},"down":{"uv":[1.375,5,1.125,5.25],"texture":"#0"}}},{"from":[1.5,16,7],"to":[5.5,17.5,9],"rotation":{"angle":0,"axis":"y","origin":[11.225,9.75,4.25]},"faces":{"north":{"uv":[10.3125,9.5,10.125,10],"rotation":270,"texture":"#0"},"east":{"uv":[4.625,5.9375,4.375,6.125],"texture":"#0"},"south":{"uv":[10.3125,10,10.125,9.5],"rotation":270,"texture":"#0"},"west":{"uv":[4.375,5.9375,4.625,6.125],"texture":"#0"},"up":{"uv":[10.125,9.5,9.875,10],"rotation":90,"texture":"#0"},"down":{"uv":[10.125,9.5,9.875,10],"rotation":90,"texture":"#0"}}},{"from":[1.5,10,7],"to":[3.5,16,9],"rotation":{"angle":0,"axis":"y","origin":[11.225,9.75,4.25]},"faces":{"north":{"uv":[7.8125,9.1875,8.5625,9.4375],"rotation":270,"texture":"#0"},"east":{"uv":[8.8125,10,8.5625,9.25],"texture":"#0"},"south":{"uv":[7.8125,9.4375,8.5625,9.1875],"rotation":270,"texture":"#0"},"west":{"uv":[8.8125,10,8.5625,9.25],"texture":"#0"},"up":{"uv":[7.875,9.25,7.625,9.5],"rotation":90,"texture":"#0"},"down":{"uv":[7.875,9.25,7.625,9.5],"rotation":90,"texture":"#0"}}}],"gui_light":"front","display":{"thirdperson_righthand":{"rotation":[67.5,90,0],"translation":[0,1.25,-2.25],"scale":[0.35938,0.35938,0.35938]},"thirdperson_lefthand":{"rotation":[67.5,-90,0],"translation":[0,1.25,-2.25],"scale":[0.35938,0.35938,0.35938]},"firstperson_righthand":{"rotation":[0,90,0],"translation":[2.5,3.75,0.5],"scale":[0.42148,0.42148,0.42148]},"firstperson_lefthand":{"rotation":[0,-90,0],"translation":[2.5,3.75,0.5],"scale":[0.42148,0.42148,0.42148]},"ground":{"translation":[0,5,0],"scale":[0.5,0.5,0.5]},"gui":{"rotation":[30,135,0],"translation":[0,-1.25,0],"scale":[0.65664,0.65664,0.65664]},"head":{"rotation":[0,180,0],"translation":[0,-30.4,0],"scale":[1.6,1.6,1.6]},"fixed":{"rotation":[-90,0,0],"translation":[0,0,-16],"scale":[2,2,2]}}}