{"credit":"MadewithBlockbench","texture_size":[128,128],"textures":{"0":"elitecreatures:coffee_shop_furniture_v1/coffeeshop_texture_01","particle":"elitecreatures:coffee_shop_furniture_v1/coffeeshop_texture_01"},"elements":[{"from":[-15,0,-1],"to":[-12.5,3,1.5],"rotation":{"angle":0,"axis":"y","origin":[16,0,0]},"faces":{"north":{"uv":[9.4375,1.75,9.125,2.125],"texture":"#0"},"east":{"uv":[9.4375,1.75,9.125,2.125],"texture":"#0"},"south":{"uv":[9.4375,1.75,9.125,2.125],"texture":"#0"},"west":{"uv":[9.4375,1.75,9.125,2.125],"texture":"#0"},"up":{"uv":[9.125,1.75,8.8125,2.0625],"texture":"#0"},"down":{"uv":[9.125,1.75,8.8125,2.0625],"texture":"#0"}}},{"from":[-15,0,12],"to":[-12.5,3,14.5],"rotation":{"angle":0,"axis":"y","origin":[16,0,0]},"faces":{"north":{"uv":[9.4375,1.75,9.125,2.125],"texture":"#0"},"east":{"uv":[9.4375,1.75,9.125,2.125],"texture":"#0"},"south":{"uv":[9.4375,1.75,9.125,2.125],"texture":"#0"},"west":{"uv":[9.4375,1.75,9.125,2.125],"texture":"#0"},"up":{"uv":[9.125,1.75,8.8125,2.0625],"texture":"#0"},"down":{"uv":[9.125,1.75,8.8125,2.0625],"texture":"#0"}}},{"from":[12.5,0,12],"to":[15,3,14.5],"faces":{"north":{"uv":[9.125,1.75,9.4375,2.125],"texture":"#0"},"east":{"uv":[9.125,1.75,9.4375,2.125],"texture":"#0"},"south":{"uv":[9.125,1.75,9.4375,2.125],"texture":"#0"},"west":{"uv":[9.125,1.75,9.4375,2.125],"texture":"#0"},"up":{"uv":[8.8125,1.75,9.125,2.0625],"texture":"#0"},"down":{"uv":[8.8125,1.75,9.125,2.0625],"texture":"#0"}}},{"from":[12.5,0,-1],"to":[15,3,1.5],"faces":{"north":{"uv":[9.125,1.75,9.4375,2.125],"texture":"#0"},"east":{"uv":[9.125,1.75,9.4375,2.125],"texture":"#0"},"south":{"uv":[9.125,1.75,9.4375,2.125],"texture":"#0"},"west":{"uv":[9.125,1.75,9.4375,2.125],"texture":"#0"},"up":{"uv":[8.8125,1.75,9.125,2.0625],"texture":"#0"},"down":{"uv":[8.8125,1.75,9.125,2.0625],"texture":"#0"}}},{"from":[-16,3,-2],"to":[-12,15,16],"rotation":{"angle":0,"axis":"y","origin":[-14,10,7]},"faces":{"north":{"uv":[9.4375,0,8.9375,1.5],"texture":"#0"},"east":{"uv":[8.9375,0,6.6875,1.5],"texture":"#0"},"south":{"uv":[8.9375,0,9.4375,1.5],"texture":"#0"},"west":{"uv":[8.25,2,6,3.5],"texture":"#0"},"up":{"uv":[9.4375,2.25,9.9375,0],"texture":"#0"},"down":{"uv":[9.4375,2.25,9.9375,0],"texture":"#0"}}},{"from":[0,10,10.4],"to":[12,12,10.4],"rotation":{"angle":0,"axis":"y","origin":[0,0,1]},"faces":{"north":{"uv":[6.6875,1.75,8.1875,2],"texture":"#0"},"east":{"uv":[6,0.5,6,0.75],"texture":"#0"},"south":{"uv":[8.1875,1.75,6.6875,2],"texture":"#0"},"west":{"uv":[6,0.5,6,0.75],"texture":"#0"},"up":{"uv":[4.5,2,3,2],"texture":"#0"},"down":{"uv":[4.5,2,3,2],"texture":"#0"}}},{"from":[-12,10,10.4],"to":[0,12,10.4],"rotation":{"angle":0,"axis":"y","origin":[16,0,1]},"faces":{"north":{"uv":[8.1875,1.75,6.6875,2],"texture":"#0"},"east":{"uv":[6,0.5,6,0.75],"texture":"#0"},"south":{"uv":[6.6875,1.75,8.1875,2],"texture":"#0"},"west":{"uv":[6,0.5,6,0.75],"texture":"#0"},"up":{"uv":[3,2,4.5,2],"texture":"#0"},"down":{"uv":[3,2,4.5,2],"texture":"#0"}}},{"from":[12,3,-2],"to":[16,15,16],"rotation":{"angle":0,"axis":"y","origin":[30,10,7]},"faces":{"north":{"uv":[8.9375,0,9.4375,1.5],"texture":"#0"},"east":{"uv":[6,2,8.25,3.5],"texture":"#0"},"south":{"uv":[8.9375,0,9.4375,1.5],"texture":"#0"},"west":{"uv":[6.6875,0,8.9375,1.5],"texture":"#0"},"up":{"uv":[9.9375,2.25,9.4375,0],"texture":"#0"},"down":{"uv":[9.9375,2.25,9.4375,0],"texture":"#0"}}},{"from":[-12,10,10.5],"to":[12,26,16],"faces":{"north":{"uv":[3,0,6,2],"texture":"#0"},"east":{"uv":[6.6875,0,6,2],"texture":"#0"},"south":{"uv":[3,0,6,2],"texture":"#0"},"west":{"uv":[6,0,6.6875,2],"texture":"#0"},"up":{"uv":[6,2.6875,3,2],"texture":"#0"},"down":{"uv":[6,2.6875,3,2],"texture":"#0"}}},{"from":[-12,3,-4],"to":[12,10,16],"faces":{"north":{"uv":[0,0,3,0.875],"texture":"#0"},"east":{"uv":[0,0,2.5,0.875],"texture":"#0"},"south":{"uv":[0,0,3,0.875],"texture":"#0"},"west":{"uv":[0,0,2.5,0.875],"texture":"#0"},"up":{"uv":[3,3.375,0,0.875],"texture":"#0"},"down":{"uv":[3,3.375,0,0.875],"texture":"#0"}}},{"from":[-10.5,10,7.5],"to":[-1.5,20,12.5],"rotation":{"angle":22.5,"axis":"x","origin":[6,15,8]},"faces":{"north":{"uv":[0,3.375,1.125,4.625],"texture":"#0"},"east":{"uv":[1.75,3.375,1.125,4.625],"texture":"#0"},"south":{"uv":[0,3.375,1.125,4.625],"texture":"#0"},"west":{"uv":[1.125,3.375,1.75,4.625],"texture":"#0"},"up":{"uv":[0,4.625,1.125,5.25],"texture":"#0"},"down":{"uv":[0,4.625,1.125,5.25],"texture":"#0"}}},{"from":[1.5,10,7.5],"to":[10.5,20,12.5],"rotation":{"angle":22.5,"axis":"x","origin":[10,15,8]},"faces":{"north":{"uv":[2.875,3.375,1.75,4.625],"texture":"#0"},"east":{"uv":[3.5,3.375,2.875,4.625],"texture":"#0"},"south":{"uv":[2.875,3.375,1.75,4.625],"texture":"#0"},"west":{"uv":[3.5,3.375,2.875,4.625],"texture":"#0"},"up":{"uv":[2.875,4.625,1.75,5.25],"texture":"#0"},"down":{"uv":[2.875,4.625,1.75,5.25],"texture":"#0"}}}],"gui_light":"front","display":{"thirdperson_righthand":{"rotation":[67.5,0,0],"translation":[1.25,1,-0.75],"scale":[0.15625,0.15625,0.15625]},"thirdperson_lefthand":{"rotation":[67.5,0,0],"translation":[-1.25,1,-0.75],"scale":[0.15625,0.15625,0.15625]},"firstperson_righthand":{"translation":[3.75,2.5,0],"scale":[0.23203,0.23203,0.23203]},"firstperson_lefthand":{"translation":[0.25,2.5,0],"scale":[0.23203,0.23203,0.23203]},"ground":{"translation":[3.25,5,0.25],"scale":[0.4,0.4,0.4]},"gui":{"rotation":[30,135,0],"translation":[-1.75,-0.25,0],"scale":[0.36914,0.36914,0.36914]},"head":{"rotation":[0,180,0],"translation":[0,-30.4,0],"scale":[1.6,1.6,1.6]},"fixed":{"rotation":[-90,0,0],"translation":[0,0,-16],"scale":[2,2,2]}}}