{"credit":"MadewithBlockbench","texture_size":[128,128],"textures":{"0":"elitecreatures:coffee_shop_furniture_v1/coffeeshop_texture_01","particle":"elitecreatures:coffee_shop_furniture_v1/coffeeshop_texture_01"},"elements":[{"from":[0,14,0],"to":[8,16,16],"faces":{"north":{"uv":[13,2,12,2.25],"texture":"#0"},"east":{"uv":[14,2.25,16,2.5],"texture":"#0"},"south":{"uv":[12,2,13,2.25],"texture":"#0"},"west":{"uv":[14,2.25,16,2.5],"texture":"#0"},"up":{"uv":[12,0,13,2],"texture":"#0"},"down":{"uv":[12,0,13,2],"texture":"#0"}}},{"from":[8,14,0],"to":[16,16,16],"rotation":{"angle":0,"axis":"y","origin":[16,0,0]},"faces":{"north":{"uv":[16,2,15,2.25],"texture":"#0"},"east":{"uv":[16,2.25,14,2.5],"texture":"#0"},"south":{"uv":[15,2,16,2.25],"texture":"#0"},"west":{"uv":[16,2.25,14,2.5],"texture":"#0"},"up":{"uv":[15,0,16,2],"texture":"#0"},"down":{"uv":[15,0,16,2],"texture":"#0"}}},{"from":[3,0,3],"to":[8,1,13],"faces":{"north":{"uv":[12.75,3.75,13.375,3.875],"texture":"#0"},"east":{"uv":[12.75,2.375,14,2.5],"texture":"#0"},"south":{"uv":[12.75,3.75,13.375,3.875],"texture":"#0"},"west":{"uv":[12.75,2.375,14,2.5],"texture":"#0"},"up":{"uv":[12.75,2.5,13.375,3.75],"texture":"#0"},"down":{"uv":[12.75,2.5,13.375,3.75],"texture":"#0"}}},{"from":[8,0,3],"to":[13,1,13],"rotation":{"angle":0,"axis":"y","origin":[16,0,0]},"faces":{"north":{"uv":[13.375,3.75,12.75,3.875],"texture":"#0"},"east":{"uv":[14,2.375,12.75,2.5],"texture":"#0"},"south":{"uv":[13.375,3.75,12.75,3.875],"texture":"#0"},"west":{"uv":[14,2.375,12.75,2.5],"texture":"#0"},"up":{"uv":[13.375,3.75,12.75,2.5],"texture":"#0"},"down":{"uv":[13.375,2.5,12.75,3.75],"texture":"#0"}}},{"from":[6,1,7],"to":[10,14,9],"faces":{"north":{"uv":[3.5,2.6875,4,4.3125],"texture":"#0"},"east":{"uv":[4,2.6875,4.25,4.3125],"texture":"#0"},"south":{"uv":[3.5,2.6875,4,4.3125],"texture":"#0"},"west":{"uv":[4,2.6875,4.25,4.3125],"texture":"#0"},"up":{"uv":[3,2.6875,3.5,2.9375],"texture":"#0"},"down":{"uv":[3,2.6875,3.5,2.9375],"texture":"#0"}}}],"gui_light":"front","display":{"thirdperson_righthand":{"rotation":[67.5,0,0],"translation":[0,1.5,0],"scale":[0.27734,0.27734,0.27734]},"thirdperson_lefthand":{"rotation":[67.5,0,0],"translation":[0,1.5,0],"scale":[0.27734,0.27734,0.27734]},"firstperson_righthand":{"translation":[2,3,0],"scale":[0.35508,0.35508,0.35508]},"firstperson_lefthand":{"translation":[2,3,0],"scale":[0.35508,0.35508,0.35508]},"ground":{"translation":[0,5,0],"scale":[0.45,0.45,0.45]},"gui":{"rotation":[30,225,0],"translation":[0,-0.75,0],"scale":[0.56445,0.56445,0.56445]},"head":{"rotation":[0,180,0],"translation":[0,-30.4,0],"scale":[1.6,1.6,1.6]},"fixed":{"rotation":[-90,0,0],"translation":[0,0,-16],"scale":[2,2,2]}}}