{"credit":"MadewithBlockbench","texture_size":[128,128],"textures":{"0":"elitecreatures:coffee_shop_furniture_v1/coffeeshop_texture_01","particle":"elitecreatures:coffee_shop_furniture_v1/coffeeshop_texture_01"},"elements":[{"from":[-16,14,0],"to":[16,16,16],"faces":{"north":{"uv":[12,2,16,2.25],"texture":"#0"},"east":{"uv":[14,2.25,16,2.5],"texture":"#0"},"south":{"uv":[12,2,16,2.25],"texture":"#0"},"west":{"uv":[14,2.25,16,2.5],"texture":"#0"},"up":{"uv":[12,0,16,2],"texture":"#0"},"down":{"uv":[12,0,16,2],"texture":"#0"}}},{"from":[-13,0,3],"to":[13,1,13],"faces":{"north":{"uv":[12.75,3.75,16,3.875],"texture":"#0"},"east":{"uv":[12.75,2.375,14,2.5],"texture":"#0"},"south":{"uv":[12.75,3.75,16,3.875],"texture":"#0"},"west":{"uv":[12.75,2.375,14,2.5],"texture":"#0"},"up":{"uv":[12.75,2.5,16,3.75],"texture":"#0"},"down":{"uv":[12.75,2.5,16,3.75],"texture":"#0"}}},{"from":[-2,1,7],"to":[2,14,9],"faces":{"north":{"uv":[3.5,2.6875,4,4.3125],"texture":"#0"},"east":{"uv":[4,2.6875,4.25,4.3125],"texture":"#0"},"south":{"uv":[3.5,2.6875,4,4.3125],"texture":"#0"},"west":{"uv":[4,2.6875,4.25,4.3125],"texture":"#0"},"up":{"uv":[3,2.6875,3.5,2.9375],"texture":"#0"},"down":{"uv":[3,2.6875,3.5,2.9375],"texture":"#0"}}}],"gui_light":"front","display":{"thirdperson_righthand":{"rotation":[67.5,0,0],"translation":[1.5,1,0],"scale":[0.17969,0.17969,0.17969]},"thirdperson_lefthand":{"rotation":[67.5,0,0],"translation":[-1.25,1,0],"scale":[0.17969,0.17969,0.17969]},"firstperson_righthand":{"translation":[3.75,2.25,0],"scale":[0.31797,0.31797,0.31797]},"firstperson_lefthand":{"translation":[-1.25,2.25,0],"scale":[0.31797,0.31797,0.31797]},"ground":{"translation":[3.75,5,0],"scale":[0.45,0.45,0.45]},"gui":{"rotation":[30,135,0],"translation":[-2.25,0.5,0],"scale":[0.4082,0.4082,0.4082]},"head":{"rotation":[0,180,0],"translation":[0,-30.4,0],"scale":[1.6,1.6,1.6]},"fixed":{"rotation":[-90,0,0],"translation":[0,0,-16],"scale":[2,2,2]}}}