{"credit":"MadewithBlockbench","texture_size":[64,64],"textures":{"0":"elitecreatures:airport_furniture_v1/airport_barrier","particle":"elitecreatures:airport_furniture_v1/airport_barrier"},"elements":[{"from":[7,0,4],"to":[15,1,12],"rotation":{"angle":0,"axis":"y","origin":[12,0.5,8]},"faces":{"north":{"uv":[1,3,3,3.25],"texture":"#0"},"east":{"uv":[1,3,3,3.25],"texture":"#0"},"south":{"uv":[1,3,3,3.25],"texture":"#0"},"west":{"uv":[1,3,3,3.25],"texture":"#0"},"up":{"uv":[2.5,3,0.5,1],"texture":"#0"},"down":{"uv":[4.5,1,2.5,3],"texture":"#0"}}},{"from":[10,1,7],"to":[12,19,9],"faces":{"north":{"uv":[0,0,0.5,4.5],"texture":"#0"},"east":{"uv":[0,0,0.5,4.5],"texture":"#0"},"south":{"uv":[0,0,0.5,4.5],"texture":"#0"},"west":{"uv":[0,0,0.5,4.5],"texture":"#0"},"up":{"uv":[1,3.5,0.5,3],"texture":"#0"}}},{"from":[-12,1,7],"to":[-10,19,9],"faces":{"north":{"uv":[0,0,0.5,4.5],"texture":"#0"},"east":{"uv":[0,0,0.5,4.5],"texture":"#0"},"south":{"uv":[0,0,0.5,4.5],"texture":"#0"},"west":{"uv":[0,0,0.5,4.5],"texture":"#0"},"up":{"uv":[1,3.5,0.5,3],"texture":"#0"}}},{"from":[-15,0,4],"to":[-7,1,12],"rotation":{"angle":0,"axis":"y","origin":[12,0.5,8]},"faces":{"north":{"uv":[1,3,3,3.25],"texture":"#0"},"east":{"uv":[1,3,3,3.25],"texture":"#0"},"south":{"uv":[1,3,3,3.25],"texture":"#0"},"west":{"uv":[1,3,3,3.25],"texture":"#0"},"up":{"uv":[2.5,3,0.5,1],"texture":"#0"},"down":{"uv":[4.5,1,2.5,3],"texture":"#0"}}},{"from":[-10,14,8],"to":[10,18,8],"faces":{"north":{"uv":[0.5,0,5.5,1],"texture":"#0"},"south":{"uv":[5.5,0,0.5,1],"texture":"#0"}}}],"gui_light":"front","display":{"thirdperson_righthand":{"rotation":[67.5,0,0],"translation":[1.25,0.5,0.75],"scale":[0.16539,0.16539,0.16539]},"thirdperson_lefthand":{"rotation":[67.5,0,0],"translation":[-1.25,0.5,0.75],"scale":[0.16539,0.16539,0.16539]},"firstperson_righthand":{"translation":[4.13,3.95,1.13],"scale":[0.41008,0.41008,0.41008]},"firstperson_lefthand":{"translation":[-2.37,3.95,1.13],"scale":[0.41008,0.41008,0.41008]},"ground":{"translation":[2.25,3,0],"scale":[0.25,0.25,0.25]},"gui":{"rotation":[30,225,0],"translation":[-2.5,-1.75,0],"scale":[0.45367,0.45367,0.45367]},"head":{"rotation":[0,180,0],"translation":[-8.5,13,0.25],"scale":[0,0,0]},"fixed":{"rotation":[-90,0,0],"translation":[2.25,0,-16.25],"scale":[2,2,2]}}}