{"credit":"MadewithBlockbench","texture_size":[32,32],"textures":{"0":"elitecreatures:airport_furniture_v1/airport_bin","particle":"elitecreatures:airport_furniture_v1/airport_bin"},"elements":[{"from":[11,11,3],"to":[13,13,5],"faces":{"north":{"uv":[5,11,6,12],"texture":"#0"},"east":{"uv":[6,11,5,12],"texture":"#0"},"south":{"uv":[6,11,7,12],"texture":"#0"},"west":{"uv":[7,11,6,12],"texture":"#0"}}},{"from":[3,11,3],"to":[5,13,5],"rotation":{"angle":0,"axis":"y","origin":[16,0,0]},"faces":{"north":{"uv":[6,11,5,12],"texture":"#0"},"east":{"uv":[6,11,7,12],"texture":"#0"},"south":{"uv":[7,11,6,12],"texture":"#0"},"west":{"uv":[5,11,6,12],"texture":"#0"}}},{"from":[3,11,11],"to":[5,13,13],"rotation":{"angle":0,"axis":"y","origin":[16,0,16]},"faces":{"north":{"uv":[6,11,7,12],"texture":"#0"},"east":{"uv":[7,11,6,12],"texture":"#0"},"south":{"uv":[5,11,6,12],"texture":"#0"},"west":{"uv":[6,11,5,12],"texture":"#0"}}},{"from":[11,11,11],"to":[13,13,13],"rotation":{"angle":0,"axis":"y","origin":[0,0,16]},"faces":{"north":{"uv":[7,11,6,12],"texture":"#0"},"east":{"uv":[5,11,6,12],"texture":"#0"},"south":{"uv":[6,11,5,12],"texture":"#0"},"west":{"uv":[6,11,7,12],"texture":"#0"}}},{"from":[3,0,3],"to":[13,11,13],"faces":{"north":{"uv":[0,0,5,5.5],"texture":"#0"},"east":{"uv":[0,0,5,5.5],"texture":"#0"},"south":{"uv":[0,0,5,5.5],"texture":"#0"},"west":{"uv":[0,0,5,5.5],"texture":"#0"},"up":{"uv":[5,15.5,0,10.5],"texture":"#0"},"down":{"uv":[5,5.5,0,10.5],"texture":"#0"}}},{"from":[3,13,3],"to":[13,15,13],"faces":{"north":{"uv":[5,10,10,11],"texture":"#0"},"east":{"uv":[5,10,10,11],"texture":"#0"},"south":{"uv":[5,10,10,11],"texture":"#0"},"west":{"uv":[5,10,10,11],"texture":"#0"},"up":{"uv":[10,5,5,0],"texture":"#0"},"down":{"uv":[10,5,5,10],"texture":"#0"}}}],"gui_light":"front","display":{"thirdperson_righthand":{"rotation":[67.5,0,0],"translation":[0,1.75,0.25],"scale":[0.35344,0.35344,0.35344]},"thirdperson_lefthand":{"rotation":[67.5,0,0],"translation":[0,1.75,0.25],"scale":[0.35344,0.35344,0.35344]},"firstperson_righthand":{"translation":[-0.5,3.25,0],"scale":[0.54258,0.54258,0.54258]},"firstperson_lefthand":{"translation":[-0.5,3.25,0],"scale":[0.54258,0.54258,0.54258]},"ground":{"translation":[0,2,0],"scale":[0.5,0.5,0.5]},"gui":{"rotation":[30,225,0],"scale":[0.625,0.625,0.625]},"head":{"translation":[0,-29,0],"scale":[0,0,0]},"fixed":{"rotation":[-90,0,0],"translation":[0,0,-17.5],"scale":[2.2,2.2,2.2]}}}