{"credit":"MadewithBlockbench","texture_size":[64,64],"textures":{"0":"elitecreatures:airport_furniture_v1/airport_conveyor_belt_corner","particle":"elitecreatures:airport_furniture_v1/airport_conveyor_belt_corner"},"elements":[{"from":[0,0,2],"to":[14,12,16],"faces":{"north":{"uv":[0,7,3.5,10],"texture":"#0"},"east":{"uv":[0,7,3.5,10],"texture":"#0"},"south":{"uv":[7.5,0,11,3],"texture":"#0"},"west":{"uv":[7.5,0,11,3],"texture":"#0"},"up":{"uv":[3.5,3.5,0,0],"texture":"#0"},"down":{"uv":[3.5,3.5,0,7],"texture":"#0"}}},{"from":[0,2,0],"to":[16,13,2],"faces":{"north":{"uv":[3.5,0,7.5,2.75],"texture":"#0"},"east":{"uv":[11,0,11.5,2.75],"texture":"#0"},"south":{"uv":[3.5,0,7.5,2.75],"texture":"#0"},"west":{"uv":[11,0,11.5,2.75],"texture":"#0"},"up":{"uv":[7.5,3.25,3.5,2.75],"texture":"#0"},"down":{"uv":[7.5,2.75,3.5,3.25],"texture":"#0"}}},{"from":[14,2,2],"to":[16,13,16],"faces":{"north":{"uv":[7,3.25,7.5,6],"texture":"#0"},"east":{"uv":[3.5,3.25,7,6],"texture":"#0"},"south":{"uv":[7,3.25,7.5,6],"texture":"#0"},"west":{"uv":[3.5,3.25,7,6],"texture":"#0"},"up":{"uv":[8,6.5,7.5,3],"texture":"#0"},"down":{"uv":[8,3,7.5,6.5],"texture":"#0"}}}],"gui_light":"front","display":{"thirdperson_righthand":{"rotation":[67.5,0,0],"translation":[0,2,1.25],"scale":[0.28906,0.28906,0.28906]},"thirdperson_lefthand":{"rotation":[67.5,0,0],"translation":[0,2,1.25],"scale":[0.28906,0.28906,0.28906]},"firstperson_righthand":{"translation":[-0.12,3.45,1.13],"scale":[0.45539,0.45539,0.45539]},"firstperson_lefthand":{"translation":[-0.12,3.45,1.13],"scale":[0.45539,0.45539,0.45539]},"ground":{"translation":[0,2,0],"scale":[0.5,0.5,0.5]},"gui":{"rotation":[37,45,0],"translation":[0,0.75,0],"scale":[0.55773,0.55773,0.55773]},"head":{"translation":[0,-30.25,0],"scale":[0,0,0]},"fixed":{"rotation":[-90,0,0],"translation":[0,0,-16],"scale":[2,2,2]}}}