{"credit":"MadewithBlockbench","texture_size":[128,128],"textures":{"0":"elitecreatures:airport_furniture_v1/airport_flight_signs","particle":"elitecreatures:airport_furniture_v1/airport_flight_signs"},"elements":[{"from":[-16,0,6],"to":[16,32,8],"faces":{"north":{"uv":[0,0,4,4],"texture":"#0"},"east":{"uv":[4.25,0,4,4],"texture":"#0"},"south":{"uv":[0,4,4,8],"texture":"#0"},"west":{"uv":[4,0,4.25,4],"texture":"#0"},"up":{"uv":[8.375,0.25,4.375,0],"texture":"#0"},"down":{"uv":[8.375,0,4.375,0.25],"texture":"#0"}}},{"from":[15,0,5],"to":[16,32,6],"faces":{"north":{"uv":[4.25,0.125,4.375,4.125],"texture":"#0"},"east":{"uv":[4.375,0.125,4.25,4.125],"texture":"#0"},"west":{"uv":[4.25,0.125,4.375,4.125],"texture":"#0"},"up":{"uv":[4.375,0.125,4.25,0],"texture":"#0"},"down":{"uv":[4.375,0,4.25,0.125],"texture":"#0"}}},{"from":[-16,0,5],"to":[-15,32,6],"rotation":{"angle":0,"axis":"y","origin":[16,0,0]},"faces":{"north":{"uv":[4.375,0.125,4.25,4.125],"texture":"#0"},"east":{"uv":[4.375,0.125,4.25,4.125],"texture":"#0"},"west":{"uv":[4.25,0.125,4.375,4.125],"texture":"#0"},"up":{"uv":[4.25,0.125,4.375,0],"texture":"#0"},"down":{"uv":[4.25,0,4.375,0.125],"texture":"#0"}}},{"from":[-15,0,5],"to":[15,1,6],"faces":{"north":{"uv":[4.5,0.25,8.25,0.375],"texture":"#0"},"east":{"uv":[4.375,0.25,4.5,0.375],"texture":"#0"},"west":{"uv":[4.375,0.25,4.5,0.375],"texture":"#0"},"up":{"uv":[8.25,0.375,4.5,0.25],"texture":"#0"},"down":{"uv":[8.25,0.25,4.5,0.375],"texture":"#0"}}},{"from":[-15,31,5],"to":[15,32,6],"rotation":{"angle":0,"axis":"y","origin":[0,16,0]},"faces":{"north":{"uv":[4.5,0.375,8.25,0.25],"texture":"#0"},"east":{"uv":[4.375,0.375,4.5,0.25],"texture":"#0"},"west":{"uv":[4.375,0.375,4.5,0.25],"texture":"#0"},"up":{"uv":[8.25,0.375,4.5,0.25],"texture":"#0"},"down":{"uv":[8.25,0.25,4.5,0.375],"texture":"#0"}}}],"gui_light":"front","display":{"thirdperson_righthand":{"rotation":[67.5,0,0],"translation":[1.75,-0.25,-0.25],"scale":[0.20234,0.20234,0.20234]},"thirdperson_lefthand":{"rotation":[67.5,0,0],"translation":[-1.5,-0.25,-0.25],"scale":[0.20234,0.20234,0.20234]},"firstperson_righthand":{"translation":[5.25,0,0],"scale":[0.3375,0.3375,0.3375]},"firstperson_lefthand":{"translation":[5.25,0,0],"scale":[0.3375,0.3375,0.3375]},"ground":{"translation":[3,2,0],"scale":[0.36,0.36,0.36]},"gui":{"rotation":[30,225,0],"translation":[-2,-3.5,0],"scale":[0.34984,0.34984,0.34984]},"head":{"translation":[0,-29.25,0],"scale":[0,0,0]},"fixed":{"scale":[2,2,2]}}}