{"credit":"MadewithBlockbench","texture_size":[64,64],"textures":{"0":"elitecreatures:airport_furniture_v1/airport_metal_detector","particle":"elitecreatures:airport_furniture_v1/airport_metal_detector"},"elements":[{"from":[15,0,2],"to":[17,30,14],"faces":{"north":{"uv":[3,0,3.5,7.5],"texture":"#0"},"east":{"uv":[0,0,3,7.5],"texture":"#0"},"south":{"uv":[3,0,3.5,7.5],"texture":"#0"},"west":{"uv":[0,0,3,7.5],"texture":"#0"},"up":{"uv":[4,6,3.5,3],"texture":"#0"},"down":{"uv":[4.5,3,4,6],"texture":"#0"}}},{"from":[-1,0,2],"to":[1,30,14],"rotation":{"angle":0,"axis":"y","origin":[16,0,0]},"faces":{"north":{"uv":[3.5,0,3,7.5],"texture":"#0"},"east":{"uv":[3,0,0,7.5],"texture":"#0"},"south":{"uv":[3.5,0,3,7.5],"texture":"#0"},"west":{"uv":[3,0,0,7.5],"texture":"#0"},"up":{"uv":[3.5,6,4,3],"texture":"#0"},"down":{"uv":[4,3,4.5,6],"texture":"#0"}}},{"from":[1,26,2],"to":[15,30,14],"faces":{"north":{"uv":[0,7.5,3.5,8.5],"texture":"#0"},"south":{"uv":[0,7.5,3.5,8.5],"texture":"#0"},"up":{"uv":[7,3,3.5,0],"texture":"#0"},"down":{"uv":[7,0,3.5,3],"texture":"#0"}}}],"gui_light":"front","display":{"thirdperson_righthand":{"rotation":[67.5,0,0],"translation":[0,1,0],"scale":[0.18391,0.18391,0.18391]},"thirdperson_lefthand":{"rotation":[67.5,0,0],"translation":[0,1,0],"scale":[0.18391,0.18391,0.18391]},"firstperson_righthand":{"translation":[0,1,0],"scale":[0.42344,0.42344,0.42344]},"firstperson_lefthand":{"translation":[0,1,0],"scale":[0.42344,0.42344,0.42344]},"ground":{"translation":[0,3,0],"scale":[0.36,0.36,0.36]},"gui":{"rotation":[30,225,0],"translation":[0,-2.5,0],"scale":[0.39133,0.39133,0.39133]},"head":{"translation":[0,-23.25,0],"scale":[0,0,0]},"fixed":{"rotation":[-90,0,0],"translation":[0,0,-21.25],"scale":[2.66992,2.66992,2.66992]}}}