{"credit":"MadewithBlockbench","texture_size":[64,64],"textures":{"0":"elitecreatures:airport_furniture_v1/airport_signpost","particle":"elitecreatures:airport_furniture_v1/airport_signpost"},"elements":[{"from":[-16,16,6.5],"to":[32,24,9.5],"faces":{"north":{"uv":[0,0,12,2],"texture":"#0"},"east":{"uv":[12.5,0,13.25,2],"texture":"#0"},"south":{"uv":[0,0,12,2],"texture":"#0"},"west":{"uv":[12.5,0,13.25,2],"texture":"#0"},"up":{"uv":[12,2.75,0,2],"texture":"#0"},"down":{"uv":[12,2,0,2.75],"texture":"#0"}}},{"from":[-16,7,6.5],"to":[32,15,9.5],"faces":{"north":{"uv":[0,2.75,12,4.75],"texture":"#0"},"east":{"uv":[12.5,0,13.25,2],"texture":"#0"},"south":{"uv":[0,2.75,12,4.75],"texture":"#0"},"west":{"uv":[12.5,0,13.25,2],"texture":"#0"},"up":{"uv":[12,2.75,0,2],"texture":"#0"},"down":{"uv":[12,2,0,2.75],"texture":"#0"}}},{"from":[-16,-2,6.5],"to":[32,6,9.5],"faces":{"north":{"uv":[0,4.75,12,6.75],"texture":"#0"},"east":{"uv":[12.5,0,13.25,2],"texture":"#0"},"south":{"uv":[0,4.75,12,6.75],"texture":"#0"},"west":{"uv":[12.5,0,13.25,2],"texture":"#0"},"up":{"uv":[12,2.75,0,2],"texture":"#0"},"down":{"uv":[12,2,0,2.75],"texture":"#0"}}},{"from":[26,6,7],"to":[28,32,9],"faces":{"north":{"uv":[12,0,12.5,6.5],"texture":"#0"},"east":{"uv":[12,0,12.5,6.5],"texture":"#0"},"south":{"uv":[12,0,12.5,6.5],"texture":"#0"},"west":{"uv":[12,0,12.5,6.5],"texture":"#0"},"up":{"uv":[13,2.5,12.5,2],"texture":"#0"},"down":{"uv":[13,2,12.5,2.5],"texture":"#0"}}},{"from":[-12,6,7],"to":[-10,32,9],"rotation":{"angle":0,"axis":"y","origin":[16,0,0]},"faces":{"north":{"uv":[12.5,0,12,6.5],"texture":"#0"},"east":{"uv":[12.5,0,12,6.5],"texture":"#0"},"south":{"uv":[12.5,0,12,6.5],"texture":"#0"},"west":{"uv":[12.5,0,12,6.5],"texture":"#0"},"up":{"uv":[12.5,2.5,13,2],"texture":"#0"},"down":{"uv":[12.5,2,13,2.5],"texture":"#0"}}}],"gui_light":"front","display":{"thirdperson_righthand":{"rotation":[67.5,0,0],"scale":[0.16211,0.16211,0.16211]},"thirdperson_lefthand":{"rotation":[67.5,0,0],"scale":[0.16211,0.16211,0.16211]},"firstperson_righthand":{"translation":[1.75,2.5,0],"scale":[0.24148,0.24148,0.24148]},"firstperson_lefthand":{"translation":[1.75,2.5,0],"scale":[0.24148,0.24148,0.24148]},"ground":{"translation":[0,3,0],"scale":[0.25,0.25,0.25]},"gui":{"rotation":[30,225,0],"translation":[0,-1.75,0],"scale":[0.30156,0.30156,0.30156]},"head":{"translation":[0,80,0],"scale":[2,2,2]},"fixed":{"rotation":[90,0,0],"translation":[0,-0.75,-51.5],"scale":[2.1,2.1,2.1]}}}