{"credit":"MadewithBlockbench","texture_size":[32,32],"textures":{"0":"elitecreatures:airport_furniture_v1/airport_time_zone","particle":"elitecreatures:airport_furniture_v1/airport_time_zone"},"elements":[{"from":[22.5,14,15],"to":[29.5,21,16],"faces":{"north":{"uv":[0.5,4.25,4,7.75],"texture":"#0"},"east":{"uv":[0,0,0.5,3.5],"texture":"#0"},"south":{"uv":[0.5,0.5,4,4],"texture":"#0"},"west":{"uv":[0,0,0.5,3.5],"texture":"#0"},"up":{"uv":[4,0.5,0.5,0],"texture":"#0"},"down":{"uv":[4,0,0.5,0.5],"texture":"#0"}}},{"from":[22.5,11,15],"to":[29.5,13,16],"faces":{"north":{"uv":[0.5,7.75,4,8.75],"texture":"#0"},"east":{"uv":[4,0,4.5,1],"texture":"#0"},"south":{"uv":[4.5,0,8,1],"texture":"#0"},"west":{"uv":[4,0,4.5,1],"texture":"#0"},"up":{"uv":[8,1.5,4.5,1],"texture":"#0"},"down":{"uv":[8,1,4.5,1.5],"texture":"#0"}}},{"from":[13.5,14,15],"to":[20.5,21,16],"faces":{"north":{"uv":[4.25,4.25,7.75,7.75],"texture":"#0"},"east":{"uv":[0,0,0.5,3.5],"texture":"#0"},"south":{"uv":[0.5,0.5,4,4],"texture":"#0"},"west":{"uv":[0,0,0.5,3.5],"texture":"#0"},"up":{"uv":[4,0.5,0.5,0],"texture":"#0"},"down":{"uv":[4,0,0.5,0.5],"texture":"#0"}}},{"from":[13.5,11,15],"to":[20.5,13,16],"faces":{"north":{"uv":[4.25,7.75,7.75,8.75],"texture":"#0"},"east":{"uv":[4,0,4.5,1],"texture":"#0"},"south":{"uv":[4.5,0,8,1],"texture":"#0"},"west":{"uv":[4,0,4.5,1],"texture":"#0"},"up":{"uv":[8,1.5,4.5,1],"texture":"#0"},"down":{"uv":[8,1,4.5,1.5],"texture":"#0"}}},{"from":[4.5,14,15],"to":[11.5,21,16],"faces":{"north":{"uv":[8,4.25,11.5,7.75],"texture":"#0"},"east":{"uv":[0,0,0.5,3.5],"texture":"#0"},"south":{"uv":[0.5,0.5,4,4],"texture":"#0"},"west":{"uv":[0,0,0.5,3.5],"texture":"#0"},"up":{"uv":[4,0.5,0.5,0],"texture":"#0"},"down":{"uv":[4,0,0.5,0.5],"texture":"#0"}}},{"from":[4.5,11,15],"to":[11.5,13,16],"faces":{"north":{"uv":[8,7.75,11.5,8.75],"texture":"#0"},"east":{"uv":[4,0,4.5,1],"texture":"#0"},"south":{"uv":[4.5,0,8,1],"texture":"#0"},"west":{"uv":[4,0,4.5,1],"texture":"#0"},"up":{"uv":[8,1.5,4.5,1],"texture":"#0"},"down":{"uv":[8,1,4.5,1.5],"texture":"#0"}}},{"from":[-4.5,14,15],"to":[2.5,21,16],"faces":{"north":{"uv":[11.75,4.25,15.25,7.75],"texture":"#0"},"east":{"uv":[0,0,0.5,3.5],"texture":"#0"},"south":{"uv":[0.5,0.5,4,4],"texture":"#0"},"west":{"uv":[0,0,0.5,3.5],"texture":"#0"},"up":{"uv":[4,0.5,0.5,0],"texture":"#0"},"down":{"uv":[4,0,0.5,0.5],"texture":"#0"}}},{"from":[-4.5,11,15],"to":[2.5,13,16],"faces":{"north":{"uv":[11.75,7.75,15.25,8.75],"texture":"#0"},"east":{"uv":[4,0,4.5,1],"texture":"#0"},"south":{"uv":[4.5,0,8,1],"texture":"#0"},"west":{"uv":[4,0,4.5,1],"texture":"#0"},"up":{"uv":[8,1.5,4.5,1],"texture":"#0"},"down":{"uv":[8,1,4.5,1.5],"texture":"#0"}}},{"from":[22.5,3,15],"to":[29.5,10,16],"faces":{"north":{"uv":[0.5,9,4,12.5],"texture":"#0"},"east":{"uv":[0,0,0.5,3.5],"texture":"#0"},"south":{"uv":[0.5,0.5,4,4],"texture":"#0"},"west":{"uv":[0,0,0.5,3.5],"texture":"#0"},"up":{"uv":[4,0.5,0.5,0],"texture":"#0"},"down":{"uv":[4,0,0.5,0.5],"texture":"#0"}}},{"from":[22.5,0,15],"to":[29.5,2,16],"faces":{"north":{"uv":[0.5,12.5,4,13.5],"texture":"#0"},"east":{"uv":[4,0,4.5,1],"texture":"#0"},"south":{"uv":[4.5,0,8,1],"texture":"#0"},"west":{"uv":[4,0,4.5,1],"texture":"#0"},"up":{"uv":[8,1.5,4.5,1],"texture":"#0"},"down":{"uv":[8,1,4.5,1.5],"texture":"#0"}}},{"from":[13.5,0,15],"to":[20.5,2,16],"faces":{"north":{"uv":[4.25,12.5,7.75,13.5],"texture":"#0"},"east":{"uv":[4,0,4.5,1],"texture":"#0"},"south":{"uv":[4.5,0,8,1],"texture":"#0"},"west":{"uv":[4,0,4.5,1],"texture":"#0"},"up":{"uv":[8,1.5,4.5,1],"texture":"#0"},"down":{"uv":[8,1,4.5,1.5],"texture":"#0"}}},{"from":[13.5,3,15],"to":[20.5,10,16],"faces":{"north":{"uv":[4.25,9,7.75,12.5],"texture":"#0"},"east":{"uv":[0,0,0.5,3.5],"texture":"#0"},"south":{"uv":[0.5,0.5,4,4],"texture":"#0"},"west":{"uv":[0,0,0.5,3.5],"texture":"#0"},"up":{"uv":[4,0.5,0.5,0],"texture":"#0"},"down":{"uv":[4,0,0.5,0.5],"texture":"#0"}}},{"from":[4.5,0,15],"to":[11.5,2,16],"faces":{"north":{"uv":[8,12.5,11.5,13.5],"texture":"#0"},"east":{"uv":[4,0,4.5,1],"texture":"#0"},"south":{"uv":[4.5,0,8,1],"texture":"#0"},"west":{"uv":[4,0,4.5,1],"texture":"#0"},"up":{"uv":[8,1.5,4.5,1],"texture":"#0"},"down":{"uv":[8,1,4.5,1.5],"texture":"#0"}}},{"from":[4.5,3,15],"to":[11.5,10,16],"faces":{"north":{"uv":[8,9,11.5,12.5],"texture":"#0"},"east":{"uv":[0,0,0.5,3.5],"texture":"#0"},"south":{"uv":[0.5,0.5,4,4],"texture":"#0"},"west":{"uv":[0,0,0.5,3.5],"texture":"#0"},"up":{"uv":[4,0.5,0.5,0],"texture":"#0"},"down":{"uv":[4,0,0.5,0.5],"texture":"#0"}}},{"from":[-4.5,0,15],"to":[2.5,2,16],"faces":{"north":{"uv":[11.75,12.5,15.25,13.5],"texture":"#0"},"east":{"uv":[4,0,4.5,1],"texture":"#0"},"south":{"uv":[4.5,0,8,1],"texture":"#0"},"west":{"uv":[4,0,4.5,1],"texture":"#0"},"up":{"uv":[8,1.5,4.5,1],"texture":"#0"},"down":{"uv":[8,1,4.5,1.5],"texture":"#0"}}},{"from":[-4.5,3,15],"to":[2.5,10,16],"faces":{"north":{"uv":[11.75,9,15.25,12.5],"texture":"#0"},"east":{"uv":[0,0,0.5,3.5],"texture":"#0"},"south":{"uv":[0.5,0.5,4,4],"texture":"#0"},"west":{"uv":[0,0,0.5,3.5],"texture":"#0"},"up":{"uv":[4,0.5,0.5,0],"texture":"#0"},"down":{"uv":[4,0,0.5,0.5],"texture":"#0"}}}],"gui_light":"front","display":{"thirdperson_righthand":{"rotation":[67.5,0,0],"translation":[-1.25,1.75,-0.75],"scale":[0.27,0.27,0.27]},"thirdperson_lefthand":{"rotation":[67.5,0,0],"translation":[-1.25,1.75,-0.75],"scale":[0.27,0.27,0.27]},"firstperson_righthand":{"translation":[-18.25,2,0],"scale":[0.33359,0.33359,0.33359]},"firstperson_lefthand":{"translation":[-18.25,2,0],"scale":[0.33359,0.33359,0.33359]},"ground":{"translation":[-2,2,-4],"scale":[0.5,0.5,0.5]},"gui":{"rotation":[30,225,0],"translation":[3.75,-1.5,0],"scale":[0.43844,0.43844,0.43844]},"head":{"scale":[0,0,0]},"fixed":{"translation":[-27,0,-16],"scale":[2,2,2]}}}