{"credit":"MadewithBlockbench","texture_size":[64,64],"textures":{"0":"elitecreatures:airport_furniture_v1/airport_trolley_with_bag_2","particle":"elitecreatures:airport_furniture_v1/airport_trolley_with_bag_2"},"elements":[{"from":[13,0,0],"to":[14,2,2],"rotation":{"angle":0,"axis":"y","origin":[16,0,0]},"faces":{"north":{"uv":[4.75,0.75,5,1.25],"texture":"#0"},"east":{"uv":[4.25,0.75,4.75,1.25],"texture":"#0"},"south":{"uv":[4.75,0.75,5,1.25],"texture":"#0"},"west":{"uv":[4.25,0.75,4.75,1.25],"texture":"#0"},"up":{"uv":[5,1.25,4.75,0.75],"texture":"#0"},"down":{"uv":[5,0.75,4.75,1.25],"texture":"#0"}}},{"from":[12.5,2,0.25],"to":[14.5,3,2.25],"rotation":{"angle":0,"axis":"y","origin":[16,0,0]},"faces":{"north":{"uv":[3.75,1.25,4.25,1.5],"texture":"#0"},"east":{"uv":[3.75,1.25,4.25,1.5],"texture":"#0"},"south":{"uv":[3.75,1.25,4.25,1.5],"texture":"#0"},"west":{"uv":[3.75,1.25,4.25,1.5],"texture":"#0"},"up":{"uv":[4.25,1.25,3.75,0.75],"texture":"#0"},"down":{"uv":[4.25,0.75,3.75,1.25],"texture":"#0"}}},{"from":[12.5,2,13.75],"to":[14.5,3,15.75],"rotation":{"angle":0,"axis":"y","origin":[16,0,16]},"faces":{"north":{"uv":[4.25,1.25,3.75,1.5],"texture":"#0"},"east":{"uv":[4.25,1.25,3.75,1.5],"texture":"#0"},"south":{"uv":[4.25,1.25,3.75,1.5],"texture":"#0"},"west":{"uv":[4.25,1.25,3.75,1.5],"texture":"#0"},"up":{"uv":[4.25,0.75,3.75,1.25],"texture":"#0"},"down":{"uv":[4.25,1.25,3.75,0.75],"texture":"#0"}}},{"from":[13,0,14],"to":[14,2,16],"rotation":{"angle":0,"axis":"y","origin":[16,0,16]},"faces":{"north":{"uv":[5,0.75,4.75,1.25],"texture":"#0"},"east":{"uv":[4.75,0.75,4.25,1.25],"texture":"#0"},"south":{"uv":[5,0.75,4.75,1.25],"texture":"#0"},"west":{"uv":[4.75,0.75,4.25,1.25],"texture":"#0"},"up":{"uv":[5,0.75,4.75,1.25],"texture":"#0"},"down":{"uv":[5,1.25,4.75,0.75],"texture":"#0"}}},{"from":[1.5,2,13.75],"to":[3.5,3,15.75],"rotation":{"angle":0,"axis":"y","origin":[0,0,16]},"faces":{"north":{"uv":[3.75,1.25,4.25,1.5],"texture":"#0"},"east":{"uv":[3.75,1.25,4.25,1.5],"texture":"#0"},"south":{"uv":[3.75,1.25,4.25,1.5],"texture":"#0"},"west":{"uv":[3.75,1.25,4.25,1.5],"texture":"#0"},"up":{"uv":[3.75,0.75,4.25,1.25],"texture":"#0"},"down":{"uv":[3.75,1.25,4.25,0.75],"texture":"#0"}}},{"from":[2,0,14],"to":[3,2,16],"rotation":{"angle":0,"axis":"y","origin":[0,0,16]},"faces":{"north":{"uv":[4.75,0.75,5,1.25],"texture":"#0"},"east":{"uv":[4.25,0.75,4.75,1.25],"texture":"#0"},"south":{"uv":[4.75,0.75,5,1.25],"texture":"#0"},"west":{"uv":[4.25,0.75,4.75,1.25],"texture":"#0"},"up":{"uv":[4.75,0.75,5,1.25],"texture":"#0"},"down":{"uv":[4.75,1.25,5,0.75],"texture":"#0"}}},{"from":[1.5,2,0.25],"to":[3.5,3,2.25],"faces":{"north":{"uv":[4.25,1.25,3.75,1.5],"texture":"#0"},"east":{"uv":[4.25,1.25,3.75,1.5],"texture":"#0"},"south":{"uv":[4.25,1.25,3.75,1.5],"texture":"#0"},"west":{"uv":[4.25,1.25,3.75,1.5],"texture":"#0"},"up":{"uv":[3.75,1.25,4.25,0.75],"texture":"#0"},"down":{"uv":[3.75,0.75,4.25,1.25],"texture":"#0"}}},{"from":[2,0,0],"to":[3,2,2],"faces":{"north":{"uv":[5,0.75,4.75,1.25],"texture":"#0"},"east":{"uv":[4.75,0.75,4.25,1.25],"texture":"#0"},"south":{"uv":[5,0.75,4.75,1.25],"texture":"#0"},"west":{"uv":[4.75,0.75,4.25,1.25],"texture":"#0"},"up":{"uv":[4.75,1.25,5,0.75],"texture":"#0"},"down":{"uv":[4.75,0.75,5,1.25],"texture":"#0"}}},{"from":[1,3,-1],"to":[15,4,17],"faces":{"north":{"uv":[3.75,0.25,7.25,0.5],"texture":"#0"},"east":{"uv":[3.75,0,8.25,0.25],"texture":"#0"},"south":{"uv":[3.75,0.25,7.25,0.5],"texture":"#0"},"west":{"uv":[3.75,0,8.25,0.25],"texture":"#0"},"up":{"uv":[3.5,4.5,0,0],"texture":"#0"},"down":{"uv":[3.5,0,0,4.5],"texture":"#0"}}},{"from":[14,4,-1],"to":[15,12,0],"faces":{"north":{"uv":[3.5,0.25,3.75,2.25],"texture":"#0"},"east":{"uv":[3.5,0.25,3.75,2.25],"texture":"#0"},"south":{"uv":[3.5,0.25,3.75,2.25],"texture":"#0"},"west":{"uv":[3.75,0.25,3.5,2.25],"texture":"#0"},"up":{"uv":[3.75,0.25,3.5,0],"texture":"#0"}}},{"from":[1,4,-1],"to":[2,12,0],"rotation":{"angle":0,"axis":"y","origin":[16,0,0]},"faces":{"north":{"uv":[3.75,0.25,3.5,2.25],"texture":"#0"},"east":{"uv":[3.5,0.25,3.75,2.25],"texture":"#0"},"south":{"uv":[3.75,0.25,3.5,2.25],"texture":"#0"},"west":{"uv":[3.75,0.25,3.5,2.25],"texture":"#0"},"up":{"uv":[3.5,0.25,3.75,0],"texture":"#0"}}},{"from":[1,11,-2],"to":[15,12,-1],"faces":{"north":{"uv":[4,0.5,7.5,0.75],"texture":"#0"},"east":{"uv":[3.75,0.5,4,0.75],"texture":"#0"},"south":{"uv":[4,0.5,7.5,0.75],"texture":"#0"},"west":{"uv":[3.75,0.5,4,0.75],"texture":"#0"},"up":{"uv":[7.5,0.75,4,0.5],"texture":"#0"},"down":{"uv":[7.5,0.5,4,0.75],"texture":"#0"}}},{"from":[14,4,16],"to":[15,12,17],"rotation":{"angle":0,"axis":"y","origin":[0,0,16]},"faces":{"north":{"uv":[3.75,0.25,3.5,2.25],"texture":"#0"},"east":{"uv":[3.75,0.25,3.5,2.25],"texture":"#0"},"south":{"uv":[3.75,0.25,3.5,2.25],"texture":"#0"},"west":{"uv":[3.5,0.25,3.75,2.25],"texture":"#0"},"up":{"uv":[3.75,0,3.5,0.25],"texture":"#0"}}},{"from":[1,11,17],"to":[15,12,18],"rotation":{"angle":0,"axis":"y","origin":[0,0,16]},"faces":{"north":{"uv":[7.5,0.5,4,0.75],"texture":"#0"},"east":{"uv":[4,0.5,3.75,0.75],"texture":"#0"},"south":{"uv":[7.5,0.5,4,0.75],"texture":"#0"},"west":{"uv":[4,0.5,3.75,0.75],"texture":"#0"},"up":{"uv":[7.5,0.5,4,0.75],"texture":"#0"},"down":{"uv":[7.5,0.75,4,0.5],"texture":"#0"}}},{"from":[1,4,16],"to":[2,12,17],"rotation":{"angle":0,"axis":"y","origin":[16,0,16]},"faces":{"north":{"uv":[3.5,0.25,3.75,2.25],"texture":"#0"},"east":{"uv":[3.75,0.25,3.5,2.25],"texture":"#0"},"south":{"uv":[3.5,0.25,3.75,2.25],"texture":"#0"},"west":{"uv":[3.5,0.25,3.75,2.25],"texture":"#0"},"up":{"uv":[3.5,0,3.75,0.25],"texture":"#0"}}},{"from":[1,4,0],"to":[15,8,7],"rotation":{"angle":0,"axis":"y","origin":[9.5,13,12.5]},"faces":{"north":{"uv":[3.5,8.25,7,9.25],"texture":"#0"},"east":{"uv":[13,4.75,14.75,5.75],"texture":"#0"},"south":{"uv":[3.5,8.25,7,9.25],"texture":"#0"},"west":{"uv":[13,4.75,14.75,5.75],"texture":"#0"},"up":{"uv":[7,6.5,3.5,4.75],"texture":"#0"},"down":{"uv":[7,6.5,3.5,8.25],"texture":"#0"}}},{"from":[2,8,1],"to":[14,12,7],"faces":{"north":{"uv":[0,12,3,13],"texture":"#0"},"east":{"uv":[10,6.75,11.5,7.75],"texture":"#0"},"south":{"uv":[0,12,3,13],"texture":"#0"},"west":{"uv":[10,6.75,11.5,7.75],"texture":"#0"},"up":{"uv":[3,12,0,10.5],"texture":"#0"},"down":{"uv":[3,9,0,10.5],"texture":"#0"}}},{"from":[2,11,7],"to":[14,15,15],"faces":{"north":{"uv":[10,4.75,13,5.75],"texture":"#0"},"east":{"uv":[12,5.75,10,6.75],"texture":"#0"},"south":{"uv":[10,3.75,13,4.75],"texture":"#0"},"west":{"uv":[10,5.75,12,6.75],"texture":"#0"},"up":{"uv":[10,6.75,7,4.75],"texture":"#0"},"down":{"uv":[10,6.75,7,8.75],"texture":"#0"}}},{"from":[1,4,7],"to":[15,11,11],"faces":{"north":{"uv":[3,11.25,6.5,13],"texture":"#0"},"east":{"uv":[12,5.75,13,7.5],"texture":"#0"},"south":{"uv":[3,11.25,6.5,13],"texture":"#0"},"west":{"uv":[12,5.75,13,7.5],"texture":"#0"},"up":{"uv":[6.5,11.25,3,10.25],"texture":"#0"},"down":{"uv":[6.5,9.25,3,10.25],"texture":"#0"}}},{"from":[1,4,11],"to":[15,11,16],"faces":{"north":{"uv":[0,7.25,3.5,9],"texture":"#0"},"east":{"uv":[10,7.75,11.25,9.5],"texture":"#0"},"south":{"uv":[0,7.25,3.5,9],"texture":"#0"},"west":{"uv":[10,7.75,11.25,9.5],"texture":"#0"},"up":{"uv":[3.5,6,0,4.75],"texture":"#0"},"down":{"uv":[3.5,6,0,7.25],"texture":"#0"}}}],"gui_light":"front","display":{"thirdperson_righthand":{"rotation":[67.5,0,0],"translation":[0,2.25,0],"scale":[0.30094,0.30094,0.30094]},"thirdperson_lefthand":{"rotation":[67.5,0,0],"translation":[0,2.25,0],"scale":[0.30094,0.30094,0.30094]},"firstperson_righthand":{"translation":[0,2.5,0],"scale":[0.54695,0.54695,0.54695]},"firstperson_lefthand":{"translation":[0,2.5,0],"scale":[0.54695,0.54695,0.54695]},"ground":{"translation":[0,2,0],"scale":[0.5,0.5,0.5]},"gui":{"rotation":[30,225,0],"translation":[0,0.25,0],"scale":[0.56039,0.56039,0.56039]},"head":{"translation":[0,-27.25,-2.5],"scale":[0,0,0]},"fixed":{"rotation":[-90,-90,0],"translation":[-5.25,0,-21.25],"scale":[2.67188,2.67188,2.67188]}}}