{"credit":"MadewithBlockbench","texture_size":[64,64],"textures":{"0":"elitecreatures:airport_furniture_v1/airport_trolley_blank","particle":"elitecreatures:airport_furniture_v1/airport_trolley_blank"},"elements":[{"from":[13,0,0],"to":[14,2,2],"rotation":{"angle":0,"axis":"y","origin":[16,0,0]},"faces":{"north":{"uv":[4.75,0.75,5,1.25],"texture":"#0"},"east":{"uv":[4.25,0.75,4.75,1.25],"texture":"#0"},"south":{"uv":[4.75,0.75,5,1.25],"texture":"#0"},"west":{"uv":[4.25,0.75,4.75,1.25],"texture":"#0"},"up":{"uv":[5,1.25,4.75,0.75],"texture":"#0"},"down":{"uv":[5,0.75,4.75,1.25],"texture":"#0"}}},{"from":[12.5,2,0.25],"to":[14.5,3,2.25],"rotation":{"angle":0,"axis":"y","origin":[16,0,0]},"faces":{"north":{"uv":[3.75,1.25,4.25,1.5],"texture":"#0"},"east":{"uv":[3.75,1.25,4.25,1.5],"texture":"#0"},"south":{"uv":[3.75,1.25,4.25,1.5],"texture":"#0"},"west":{"uv":[3.75,1.25,4.25,1.5],"texture":"#0"},"up":{"uv":[4.25,1.25,3.75,0.75],"texture":"#0"},"down":{"uv":[4.25,0.75,3.75,1.25],"texture":"#0"}}},{"from":[12.5,2,13.75],"to":[14.5,3,15.75],"rotation":{"angle":0,"axis":"y","origin":[16,0,16]},"faces":{"north":{"uv":[4.25,1.25,3.75,1.5],"texture":"#0"},"east":{"uv":[4.25,1.25,3.75,1.5],"texture":"#0"},"south":{"uv":[4.25,1.25,3.75,1.5],"texture":"#0"},"west":{"uv":[4.25,1.25,3.75,1.5],"texture":"#0"},"up":{"uv":[4.25,0.75,3.75,1.25],"texture":"#0"},"down":{"uv":[4.25,1.25,3.75,0.75],"texture":"#0"}}},{"from":[13,0,14],"to":[14,2,16],"rotation":{"angle":0,"axis":"y","origin":[16,0,16]},"faces":{"north":{"uv":[5,0.75,4.75,1.25],"texture":"#0"},"east":{"uv":[4.75,0.75,4.25,1.25],"texture":"#0"},"south":{"uv":[5,0.75,4.75,1.25],"texture":"#0"},"west":{"uv":[4.75,0.75,4.25,1.25],"texture":"#0"},"up":{"uv":[5,0.75,4.75,1.25],"texture":"#0"},"down":{"uv":[5,1.25,4.75,0.75],"texture":"#0"}}},{"from":[1.5,2,13.75],"to":[3.5,3,15.75],"rotation":{"angle":0,"axis":"y","origin":[0,0,16]},"faces":{"north":{"uv":[3.75,1.25,4.25,1.5],"texture":"#0"},"east":{"uv":[3.75,1.25,4.25,1.5],"texture":"#0"},"south":{"uv":[3.75,1.25,4.25,1.5],"texture":"#0"},"west":{"uv":[3.75,1.25,4.25,1.5],"texture":"#0"},"up":{"uv":[3.75,0.75,4.25,1.25],"texture":"#0"},"down":{"uv":[3.75,1.25,4.25,0.75],"texture":"#0"}}},{"from":[2,0,14],"to":[3,2,16],"rotation":{"angle":0,"axis":"y","origin":[0,0,16]},"faces":{"north":{"uv":[4.75,0.75,5,1.25],"texture":"#0"},"east":{"uv":[4.25,0.75,4.75,1.25],"texture":"#0"},"south":{"uv":[4.75,0.75,5,1.25],"texture":"#0"},"west":{"uv":[4.25,0.75,4.75,1.25],"texture":"#0"},"up":{"uv":[4.75,0.75,5,1.25],"texture":"#0"},"down":{"uv":[4.75,1.25,5,0.75],"texture":"#0"}}},{"from":[1.5,2,0.25],"to":[3.5,3,2.25],"faces":{"north":{"uv":[4.25,1.25,3.75,1.5],"texture":"#0"},"east":{"uv":[4.25,1.25,3.75,1.5],"texture":"#0"},"south":{"uv":[4.25,1.25,3.75,1.5],"texture":"#0"},"west":{"uv":[4.25,1.25,3.75,1.5],"texture":"#0"},"up":{"uv":[3.75,1.25,4.25,0.75],"texture":"#0"},"down":{"uv":[3.75,0.75,4.25,1.25],"texture":"#0"}}},{"from":[2,0,0],"to":[3,2,2],"faces":{"north":{"uv":[5,0.75,4.75,1.25],"texture":"#0"},"east":{"uv":[4.75,0.75,4.25,1.25],"texture":"#0"},"south":{"uv":[5,0.75,4.75,1.25],"texture":"#0"},"west":{"uv":[4.75,0.75,4.25,1.25],"texture":"#0"},"up":{"uv":[4.75,1.25,5,0.75],"texture":"#0"},"down":{"uv":[4.75,0.75,5,1.25],"texture":"#0"}}},{"from":[1,3,-1],"to":[15,4,17],"faces":{"north":{"uv":[3.75,0.25,7.25,0.5],"texture":"#0"},"east":{"uv":[3.75,0,8.25,0.25],"texture":"#0"},"south":{"uv":[3.75,0.25,7.25,0.5],"texture":"#0"},"west":{"uv":[3.75,0,8.25,0.25],"texture":"#0"},"up":{"uv":[3.5,4.5,0,0],"texture":"#0"},"down":{"uv":[3.5,0,0,4.5],"texture":"#0"}}},{"from":[14,4,-1],"to":[15,12,0],"faces":{"north":{"uv":[3.5,0.25,3.75,2.25],"texture":"#0"},"east":{"uv":[3.5,0.25,3.75,2.25],"texture":"#0"},"south":{"uv":[3.5,0.25,3.75,2.25],"texture":"#0"},"west":{"uv":[3.5,0.25,3.75,2.25],"texture":"#0"},"up":{"uv":[3.75,0.25,3.5,0],"texture":"#0"}}},{"from":[1,4,-1],"to":[2,12,0],"rotation":{"angle":0,"axis":"y","origin":[16,0,0]},"faces":{"north":{"uv":[3.75,0.25,3.5,2.25],"texture":"#0"},"east":{"uv":[3.75,0.25,3.5,2.25],"texture":"#0"},"south":{"uv":[3.75,0.25,3.5,2.25],"texture":"#0"},"west":{"uv":[3.75,0.25,3.5,2.25],"texture":"#0"},"up":{"uv":[3.5,0.25,3.75,0],"texture":"#0"}}},{"from":[1,11,-2],"to":[15,12,-1],"faces":{"north":{"uv":[4,0.5,7.5,0.75],"texture":"#0"},"east":{"uv":[3.75,0.5,4,0.75],"texture":"#0"},"south":{"uv":[4,0.5,7.5,0.75],"texture":"#0"},"west":{"uv":[3.75,0.5,4,0.75],"texture":"#0"},"up":{"uv":[7.5,0.75,4,0.5],"texture":"#0"},"down":{"uv":[7.5,0.5,4,0.75],"texture":"#0"}}},{"from":[14,4,16],"to":[15,12,17],"rotation":{"angle":0,"axis":"y","origin":[0,0,16]},"faces":{"north":{"uv":[3.75,0.25,3.5,2.25],"texture":"#0"},"east":{"uv":[3.75,0.25,3.5,2.25],"texture":"#0"},"south":{"uv":[3.75,0.25,3.5,2.25],"texture":"#0"},"west":{"uv":[3.75,0.25,3.5,2.25],"texture":"#0"},"up":{"uv":[3.75,0,3.5,0.25],"texture":"#0"}}},{"from":[1,11,17],"to":[15,12,18],"rotation":{"angle":0,"axis":"y","origin":[0,0,16]},"faces":{"north":{"uv":[7.5,0.5,4,0.75],"texture":"#0"},"east":{"uv":[4,0.5,3.75,0.75],"texture":"#0"},"south":{"uv":[7.5,0.5,4,0.75],"texture":"#0"},"west":{"uv":[4,0.5,3.75,0.75],"texture":"#0"},"up":{"uv":[7.5,0.5,4,0.75],"texture":"#0"},"down":{"uv":[7.5,0.75,4,0.5],"texture":"#0"}}},{"from":[1,4,16],"to":[2,12,17],"rotation":{"angle":0,"axis":"y","origin":[16,0,16]},"faces":{"north":{"uv":[3.5,0.25,3.75,2.25],"texture":"#0"},"east":{"uv":[3.5,0.25,3.75,2.25],"texture":"#0"},"south":{"uv":[3.5,0.25,3.75,2.25],"texture":"#0"},"west":{"uv":[3.5,0.25,3.75,2.25],"texture":"#0"},"up":{"uv":[3.5,0,3.75,0.25],"texture":"#0"}}}],"gui_light":"front","display":{"thirdperson_righthand":{"rotation":[67.5,90,0],"translation":[0,2.25,1.5],"scale":[0.34,0.34,0.34]},"thirdperson_lefthand":{"rotation":[67.5,90,0],"translation":[0,2.25,1.5],"scale":[0.34,0.34,0.34]},"firstperson_righthand":{"translation":[0.75,4.25,1.5],"scale":[0.53531,0.53531,0.53531]},"firstperson_lefthand":{"translation":[0.75,4.25,1.5],"scale":[0.53531,0.53531,0.53531]},"ground":{"translation":[0,2,0],"scale":[0.5,0.5,0.5]},"gui":{"rotation":[30,225,0],"translation":[0,0.5,0],"scale":[0.55062,0.55062,0.55062]},"head":{"translation":[0,-27.25,-2.5],"scale":[0,0,0]},"fixed":{"rotation":[-90,-90,0],"translation":[-5.25,0,-21.25],"scale":[2.67188,2.67188,2.67188]}}}